File Path,Duration,File Size (MB)
/BabyView_Bing/02980001/02980001_GX010012_07.21.2023_2023-07-21-20:24:40.MP4,704.7,562.4813919067383
/BabyView_Bing/02980001/02980001_GX020012_07.21.2023_2023-07-21-21:49:33.MP4,704.7,560.8617553710938
/BabyView_Bing/02980001/02980001_GX030012_07.21.2023_2023-07-21-19:28:48.MP4,567.4,641.8616647720337
/BabyView_Bing/02980001/02980001_GX010025_08.02.2023_2023-08-02-23:15:18.MP4,768.77,226.8961477279663
/BabyView_Bing/02980001/02980001_GX020025_08.02.2023_2023-08-02-22:50:32.MP4,619.99,189.49049282073975
/BabyView_Bing/02980001/02980001_GX010024_08.09.2023_2023-08-14-16:02:42.MP4,404.34000000000003,108.59260749816895
/BabyView_Bing/02980001/02980001_GX020024_07.24.2023_2023-07-24-23:28:45.MP4,611.03,131.90194988250732
/BabyView_Bing/02950001/02950001_GX010032_08.07.2023_2023-08-07-18:53:36.MP4,832.83,213.88564014434814
/BabyView_Bing/02950001/02950001_GX020032_08.07.2023_2023-08-07-19:02:49.MP4,832.83,252.92789268493652
/BabyView_Bing/02950001/02950001_GX030032_08.07.2023_2023-08-07-18:37:41.MP4,104.21000000000001,85.49990653991699
/BabyView_Bing/02950001/02950001_GX010013_07.24.2023_2023-07-24-21:19:31.MP4,768.77,192.03944396972656
/BabyView_Bing/02950001/02950001_GX020013_07.24.2023_2023-07-24-21:20:28.MP4,241.05,77.2387580871582
/BabyView_Bing/02950001/02950001_GX010014_07.24.2023_2023-07-24-21:21:28.MP4,277.01,74.3432445526123
/BabyView_Bing/02950001/02950001_GX010015_07.21.2023_2023-07-24-04:15:24.MP4,704.7,679.4325475692749
/BabyView_Bing/02950001/02950001_GX020015_07.21.2023_2023-07-24-19:07:26.MP4,704.7,588.0676145553589
/BabyView_Bing/02950001/02950001_GX030015_07.21.2023_2023-07-24-19:25:32.MP4,310.24,276.13648891448975
/BabyView_Bing/02950001/02950001_GX010016_07.21.2023_2023-07-24-19:50:44.MP4,449.45,345.9109992980957
/BabyView_Bing/02950001/02950001_GX010006_07.19.2023_2023-07-20-05:02:10.MP4,704.7,438.46542739868164
/BabyView_Bing/02950001/02950001_GX020006_07.19.2023_2023-07-20-20:00:56.MP4,345.28,356.31286239624023
/BabyView_Bing/02800001/02800001_GX010040_8.2.2023_2023-08-02-19:29:31.MP4,704.7,483.6008024215698
/BabyView_Bing/02800001/02800001_GX020040_8.2.2023_2023-08-02-20:20:15.MP4,704.7,537.4707908630371
/BabyView_Bing/02800001/02800001_GX030040_8.2.2023_2023-08-06-10:29:08.MP4,476.14,330.4017734527588
/BabyView_Bing/02800001/02800001_GX010027_08.04.2023_2023-08-04-20:56:08.MP4,704.7,284.7521448135376
/BabyView_Bing/02800001/02800001_GX020027_08.04.2023_2023-08-04-20:50:45.MP4,704.7,375.1984281539917
/BabyView_Bing/02800001/02800001_GX030027_08.04.2023_2023-08-04-20:53:40.MP4,704.7,377.3439874649048
/BabyView_Bing/02800001/02800001_GX040027_08.04.2023_2023-08-04-20:53:59.MP4,91.28999999999999,52.694966316223145
/BabyView_Bing/02800001/02800001_GX010023_08.09.23_2023-08-14-16:01:17.MP4,704.7,349.4827299118042
/BabyView_Bing/02800001/02800001_GX020023_08.09.23_2023-08-14-16:09:15.MP4,704.7,356.7966556549072
/BabyView_Bing/02800001/02800001_GX030023_08.09.23_2023-08-14-16:18:19.MP4,704.7,623.0704927444458
/BabyView_Bing/02800001/02800001_GX040023_08.09.23_2023-08-14-16:19:00.MP4,160.49,120.55235576629639
/BabyView_Bing/02800002/02800002_GX010023_07.26.2023_2023-07-26-23:07:31.MP4,704.7,428.67248725891113
/BabyView_Bing/02800002/02800002_GX020023_07.26.2023_2023-07-26-23:26:17.MP4,465.43,274.5674114227295
/BabyView_Bing/02800002/02800002_GX010030_08.04.2023_2023-08-04-20:48:35.MP4,651.15,324.8948268890381
/BabyView_Bing/02750001/02750001_GX010010_07.19.2023_2023-07-19-23:07:58.MP4,137.07,46.990169525146484
/BabyView_Bing/02750001/02750001_GX010015_07.24.2023_2023-07-24-19:01:18.MP4,704.7,299.23832988739014
/BabyView_Bing/02750001/02750001_GX020015_07.24.2023_2023-07-24-18:46:55.MP4,704.7,303.4048013687134
/BabyView_Bing/02750001/02750001_GX030015_07.24.2023_2023-07-24-18:54:55.MP4,704.7,534.1118841171265
/BabyView_Bing/02750001/02750001_GX040015_07.24.2023_2023-07-24-18:57:01.MP4,704.7,522.7397594451904
/BabyView_Bing/02750001/02750001_GX050015_07.24.2023_2023-07-24-18:57:55.MP4,288.83,198.62719440460205
/BabyView_Bing/02750001/02750001_GX010016_07.24.2023_2023-07-24-19:05:31.MP4,704.7,223.52213287353516
/BabyView_Bing/02750001/02750001_GX020016_07.24.2023_2023-07-24-18:50:36.MP4,646.41,186.9424867630005
/BabyView_Bing/02750001/02750001_GX010017_07.24.2023_2023-07-24-19:07:02.MP4,257.83,106.39076900482178
/BabyView_Bing/02750002/02750002_GX010011_07.21.2023_2023-07-21-20:01:35.MP4,704.7,251.61419010162354
/BabyView_Bing/02750002/02750002_GX020011_07.21.2023_2023-07-21-21:26:32.MP4,608.11,243.74925708770752
/BabyView_Bing/02750002/02750002_GX010043_08.04.2023_2023-08-06-04:45:11.MP4,704.7,279.1263008117676
/BabyView_Bing/02750002/02750002_GX020043_08.04.2023_2023-08-06-08:29:48.MP4,704.7,300.89605617523193
/BabyView_Bing/02750002/02750002_GX030043_08.04.2023_2023-08-06-10:35:21.MP4,56.62,33.01547050476074
/BabyView_Bing/02740001/02740001_GX010008_07.19.2023_2023-07-19-23:00:31.MP4,704.7,249.7810926437378
/BabyView_Bing/02740001/02740001_GX020008_07.19.2023_2023-07-19-22:41:47.MP4,241.15,119.00628662109375
/BabyView_Bing/02740001/02740001_GX010009_07.19.2023_2023-07-19-23:06:48.MP4,704.7,514.8900337219238
/BabyView_Bing/02740001/02740001_GX020009_07.19.2023_2023-07-19-22:48:24.MP4,704.7,518.1334991455078
/BabyView_Bing/02740001/02740001_GX030009_07.19.2023_2023-07-19-22:53:46.MP4,554.55,438.32252311706543
/BabyView_Bing/02740001/02740001_GX010034_08.09.2023_2023-08-09-22:35:24.MP4,751.18,185.00961589813232
/BabyView_Bing/02740001/02740001_GX010035_08.09.2023_2023-08-09-22:41:39.MP4,768.77,325.34733867645264
/BabyView_Bing/02740001/02740001_GX020035_08.09.2023_2023-08-09-22:53:46.MP4,704.7,567.4273281097412
/BabyView_Bing/02740001/02740001_GX030035_08.09.2023_2023-08-09-23:05:56.MP4,704.7,533.6147832870483
/BabyView_Bing/02740001/02740001_GX040035_08.09.2023_2023-08-09-22:23:42.MP4,73.14,98.27575492858887
/BabyView_Bing/02730001/02730001_GX010014_7.21.2023_2023-07-24-03:00:36.MP4,304.54,181.42788219451904
/BabyView_Bing/02730001/02730001_GX010019_7.24.2023_2023-07-24-20:36:20.MP4,291.36,95.71518802642822
/BabyView_Bing/02730001/02730001_GX010021_7.24.2023_2023-07-24-20:55:47.MP4,328.56,289.8850154876709
/BabyView_Bing/02730001/02730001_GX010015_7.28.2023_2023-07-30-04:00:36.MP4,768.77,226.79890537261963
/BabyView_Bing/02730001/02730001_GX020015_7.28.2023_2023-07-30-04:11:52.MP4,203.5,67.77800941467285
/BabyView_Bing/02730001/02730001_GX010042_8.2.2023_2023-08-02-22:38:53.MP4,712.73,446.0231294631958
/BabyView_Bing/02730001/02730001_GX020042_8.2.2023_2023-08-02-22:41:22.MP4,262.43,290.9168863296509
/BabyView_Bing/02730001/02730001_GX010044_8.4.2023_2023-08-06-05:25:46.MP4,711.72,293.3943634033203
/BabyView_Bing/02730001/02730001_GX020044_8.4.2023_2023-08-06-09:08:13.MP4,704.7,399.3150806427002
/BabyView_Bing/02730001/02730001_GX030044_8.4.2023_2023-08-06-10:40:35.MP4,99.77000000000001,73.08611583709717
/BabyView_Bing/02670001/02670001_GX010020_07.31.2023_2023-07-31-21:12:14.MP4,704.7,169.46407985687256
/BabyView_Bing/02670001/02670001_GX020020_07.31.2023_2023-07-31-21:16:01.MP4,704.7,183.12283515930176
/BabyView_Bing/02670001/02670001_GX030020_07.31.2023_2023-07-31-21:16:07.MP4,19.32,9.290044784545898
/BabyView_Bing/02670001/02670001_GX010025_08.09.2023_2023-08-14-16:06:24.MP4,768.77,178.5564308166504
/BabyView_Bing/02670001/02670001_GX020025_08.09.2023_2023-08-14-16:09:59.MP4,191.43,65.56363201141357
/BabyView_Bing/02670001/02670001_GX010003_07.17.2023_2023-07-20-03:25:42.MP4,704.7,270.49691581726074
/BabyView_Bing/02670001/02670001_GX020003_07.17.2023_2023-07-20-16:23:00.MP4,704.7,309.18824768066406
/BabyView_Bing/02670001/02670001_GX030003_07.17.2023_2023-07-20-17:27:11.MP4,399.0,142.04137802124023
/BabyView_Bing/02670001/02670001_GX010007_07.19.2023_2023-07-20-15:42:53.MP4,643.34,270.3460817337036
/BabyView_Bing/02670001/02670001_GX010011_07.24.2023_2023-07-24-21:14:30.MP4,704.7,311.28943252563477
/BabyView_Bing/02670001/02670001_GX020011_07.24.2023_2023-07-24-21:16:36.MP4,507.01,387.4828071594238
/BabyView_Bing/02620001/02620001_GX010024_07.26.2023_2023-07-31-05:59:33.MP4,272.84000000000003,88.81141662597656
/BabyView_Bing/02620001/02620001_GX010022_08.07.2023_2023-08-07-19:00:26.MP4,768.77,209.46797275543213
/BabyView_Bing/02620001/02620001_GX020022_08.07.2023_2023-08-07-19:10:11.MP4,768.77,206.96796894073486
/BabyView_Bing/02620001/02620001_GX030022_08.07.2023_2023-08-07-20:36:39.MP4,666.63,587.9068479537964
/BabyView_Bing/02620001/02620001_GX010025_07.26.2023_2023-07-31-18:09:33.MP4,687.7,660.5290079116821
/BabyView_Bing/02620001/02620001_GX020025_07.26.2023_2023-07-31-18:20:41.MP4,304.51,295.8022108078003
/BabyView_Bing/02620001/02620001_GX010010_07.24.2023_2023-07-24-21:10:57.MP4,704.7,596.9993200302124
/BabyView_Bing/02620001/02620001_GX020010_07.24.2023_2023-07-24-21:11:34.MP4,141.07999999999998,172.2760772705078
/BabyView_Bing/02620001/02620001_GX020004_07.17.2023_2023-07-20-19:38:50.MP4,401.92,112.96610260009766
/BabyView_Bing/02620001/02620001_GX010004_07.17.2023_2023-07-20-04:11:41.MP4,704.7,399.20503330230713
/BabyView_Bing/02550001/02550001_GX010012_7.24.2023_2023-07-24-21:16:49.MP4,42.34,16.797389030456543
/BabyView_Bing/02550001/02550001_GX010019_07.26.2023_2023-07-26-22:42:28.MP4,196.86,52.56708812713623
/BabyView_Bing/02550001/02550001_GX010031_7.31.2023_2023-07-31-18:14:34.MP4,289.99,136.00437927246094
/BabyView_Bing/02550001/02550001_GX010037_7.31.2023_2023-08-02-04:25:08.MP4,768.77,247.1744785308838
/BabyView_Bing/02550001/02550001_GX020037_7.31.2023_2023-08-02-05:12:26.MP4,704.7,251.58215522766113
/BabyView_Bing/02550001/02550001_GX030037_7.31.2023_2023-08-02-05:57:27.MP4,704.7,351.26917362213135
/BabyView_Bing/02550001/02550001_GX040037_7.31.2023_2023-08-02-06:46:28.MP4,704.7,348.28791904449463
/BabyView_Bing/02550001/02550001_GX050037_7.31.2023_2023-08-02-07:26:49.MP4,610.11,214.4197702407837
/BabyView_Bing/02490001/02490001_GX010002_07.14.2023_2023-07-14-19:23:05.MP4,704.7,559.1734390258789
/BabyView_Bing/02490001/02490001_GX020002_07.14.2023_2023-07-14-19:15:06.MP4,704.7,466.78314781188965
/BabyView_Bing/02490001/02490001_GX030002_07.14.2023_2023-07-14-19:07:06.MP4,237.87,200.48650550842285
/BabyView_Bing/02490001/02490001_GX010011_07.19.2023_2023-07-19-22:39:53.MP4,768.77,208.96571731567383
/BabyView_Bing/02490001/02490001_GX020011_07.19.2023_2023-07-19-22:48:48.MP4,48.6,12.224011421203613
/BabyView_Bing/02490001/02490001_GX010018_07.31.2023_2023-07-31-21:07:14.MP4,264.9,146.56595420837402
/BabyView_Bing/02490001/02490001_GX010045_08.04.2023_2023-08-06-06:06:42.MP4,768.77,215.68457698822021
/BabyView_Bing/02490001/02490001_GX020045_08.04.2023_2023-08-06-09:55:31.MP4,832.83,203.1840524673462
/BabyView_Bing/02490001/02490001_GX030045_08.04.2023_2023-08-06-10:41:06.MP4,11.65,3.239286422729492
/BabyView_Bing/02450001/02450001_GX010026_08.02.2023_2023-08-02-23:21:33.MP4,704.7,540.4180593490601
/BabyView_Bing/02450001/02450001_GX020026_08.02.2023_2023-08-02-22:56:49.MP4,704.7,577.8965463638306
/BabyView_Bing/02450001/02450001_GX030026_08.02.2023_2023-08-02-23:03:02.MP4,159.03,98.6763563156128
/BabyView_Bing/02450001/02450001_GX010030_07.26.2023_2023-07-31-18:17:44.MP4,704.7,243.3157196044922
/BabyView_Bing/02450001/02450001_GX020030_07.26.2023_2023-07-31-18:24:17.MP4,704.7,578.111310005188
/BabyView_Bing/02450001/02450001_GX030030_07.26.2023_2023-07-31-18:22:21.MP4,93.56,73.39077663421631
/BabyView_Bing/02410001/02410001_GX010033_08.09.2023_2023-08-09-22:29:56.MP4,704.7,232.10492992401123
/BabyView_Bing/02410001/02410001_GX020033_08.09.2023_2023-08-09-22:47:35.MP4,704.7,253.5489101409912
/BabyView_Bing/02410001/02410001_GX030033_08.09.2023_2023-08-09-22:59:46.MP4,704.7,296.546425819397
/BabyView_Bing/02410001/02410001_GX040033_08.09.2023_2023-08-09-23:06:18.MP4,41.98,16.942816734313965
/BabyView_Bing/02410001/02410001_GX010026_07.26.2023_2023-07-31-18:13:25.MP4,655.66,440.3276491165161
/BabyView_Bing/02410001/02410001_GX020026_07.26.2023_2023-07-31-18:20:04.MP4,704.7,308.51533222198486
/BabyView_Bing/02410001/02410001_GX030026_07.26.2023_2023-07-31-18:22:08.MP4,657.96,447.3004264831543
/BabyView_Bing/02410001/02410001_GX010027_07.26.2023_2023-07-31-18:16:15.MP4,64.41,38.09603500366211
/BabyView_Bing/02410001/02410001_GX010028_07.26.2023_2023-07-31-18:18:42.MP4,32.45,25.120985984802246
/BabyView_Bing/02410001/02410001_GX010022_07.24.2023_2023-07-24-21:34:54.MP4,704.7,393.802282333374
/BabyView_Bing/02410001/02410001_GX020022_07.24.2023_2023-07-24-22:14:11.MP4,704.7,315.76496028900146
/BabyView_Bing/02410001/02410001_GX030022_07.24.2023_2023-07-24-22:23:32.MP4,168.97,90.99674701690674
/BabyView_Bing/02390001/02390001_GX010007_07.17.2023_2023-07-18-17:20:39.MP4,704.7,447.10010051727295
/BabyView_Bing/02390001/02390001_GX020007_07.17.2023_2023-07-18-17:36:00.MP4,704.7,478.7752628326416
/BabyView_Bing/02390001/02390001_GX030007_07.17.2023_2023-07-18-18:04:35.MP4,673.44,214.7778835296631
/BabyView_Bing/02390001/02390001_GX010021_07.26.2023_2023-07-26-22:54:50.MP4,704.7,255.7195873260498
/BabyView_Bing/02390001/02390001_GX020021_07.26.2023_2023-07-26-23:14:10.MP4,704.7,497.9858064651489
/BabyView_Bing/02390001/02390001_GX030021_07.26.2023_2023-07-26-23:27:42.MP4,153.89,106.93594264984131
/BabyView_Bing/02390001/02390001_GX010022_07.26.2023_2023-07-26-23:01:05.MP4,768.77,308.8231029510498
/BabyView_Bing/02390001/02390001_GX020022_07.26.2023_2023-07-26-23:20:11.MP4,768.77,211.05982208251953
/BabyView_Bing/02390001/02390001_GX030022_07.26.2023_2023-07-26-22:40:55.MP4,353.37,83.18221950531006
/BabyView_Bing/02390001/02390001_GX010017_07.21.2023_2023-07-25-00:17:09.MP4,832.83,194.72118759155273
/BabyView_Bing/02390001/02390001_GX020017_07.21.2023_2023-07-24-20:19:30.MP4,604.3,145.59963417053223
/BabyView_Bing/02370001/02370001_GX010006_07.14.2023_2023-07-14-18:45:19.MP4,704.7,640.498857498169
/BabyView_Bing/02370001/02370001_GX020006_07.14.2023_2023-07-14-19:00:51.MP4,704.7,600.1891250610352
/BabyView_Bing/02370001/02370001_GX030006_07.14.2023_2023-07-14-18:53:08.MP4,250.35,200.35604858398438
/BabyView_Bing/02370001/02370001_GX010005_07.17.2023_2023-07-17-19:28:57.MP4,704.7,435.2072067260742
/BabyView_Bing/02370001/02370001_GX020005_07.17.2023_2023-07-17-19:23:01.MP4,768.77,197.16804885864258
/BabyView_Bing/02370001/02370001_GX030005_07.17.2023_2023-07-17-19:16:55.MP4,704.7,197.97415828704834
/BabyView_Bing/02370001/02370001_GX040005_07.17.2023_2023-07-17-19:11:01.MP4,15.95,7.505915641784668
/BabyView_Bing/02370001/02370001_GX010028_08.04.2023_2023-08-04-20:58:28.MP4,707.91,165.49508094787598
/BabyView_Bing/02370001/02370001_GX010029_08.04.2023_2023-08-04-19:35:08.MP4,607.34,143.65169715881348
/BabyView_Bing/02140001/02140001_GX010031_08.07.2023_2023-08-07-18:51:17.MP4,704.7,408.5812683105469
/BabyView_Bing/02140001/02140001_GX020031_08.07.2023_2023-08-07-18:56:40.MP4,704.7,333.31535053253174
/BabyView_Bing/02140001/02140001_GX030031_08.07.2023_2023-08-07-18:36:53.MP4,704.7,347.7207193374634
/BabyView_Bing/02140001/02140001_GX040031_08.07.2023_2023-08-07-18:42:59.MP4,704.7,227.26984882354736
/BabyView_Bing/02140001/02140001_GX050031_08.07.2023_2023-08-07-18:47:22.MP4,642.41,182.14815616607666
/BabyView_Bing/02140001/02140001_GX010041_08.02.2023_2023-08-02-22:30:57.MP4,768.77,202.55070686340332
/BabyView_Bing/02140001/02140001_GX020041_08.02.2023_2023-08-02-21:29:25.MP4,768.77,179.3621883392334
/BabyView_Bing/02140001/02140001_GX030041_08.02.2023_2023-08-02-22:31:29.MP4,55.56,14.728394508361816
/BabyView_Bing/02140001/02140001_GX010038_07.31.2023_2023-08-02-08:09:11.MP4,768.77,188.3258295059204
/BabyView_Bing/02140001/02140001_GX020038_07.31.2023_2023-08-02-08:46:33.MP4,690.42,168.80019855499268
/BabyView_Bing/02100001/02100001_GX010003_07.17.2023_2023-07-17-19:53:24.MP4,768.77,188.78029918670654
/BabyView_Bing/02100001/02100001_GX020003_07.17.2023_2023-07-17-19:47:35.MP4,704.7,203.1370849609375
/BabyView_Bing/02100001/02100001_GX030003_07.17.2023_2023-07-17-19:40:12.MP4,704.7,250.15521621704102
/BabyView_Bing/02100001/02100001_GX040003_07.17.2023_2023-07-17-19:33:56.MP4,479.08,155.92081546783447
/BabyView_Bing/01990001/01990001_GX010051_08.06.2023_2023-08-07-22:15:28.MP4,832.83,209.49424362182617
/BabyView_Bing/01990001/01990001_GX020051_08.06.2023_2023-08-07-23:54:01.MP4,477.44,136.23186111450195
/BabyView_Bing/01990001/01990001_GX010052_08.06.2023_2023-08-07-22:53:10.MP4,739.76,412.38982486724854
/BabyView_Bing/01990001/01990001_GX020052_08.06.2023_2023-08-08-00:30:30.MP4,672.74,551.9468955993652
/BabyView_Bing/01970002/01970002_GX010020_07.26.2023_2023-07-26-22:48:52.MP4,768.77,213.54539489746094
/BabyView_Bing/01970002/01970002_GX020020_07.26.2023_2023-07-26-23:07:55.MP4,41.58,14.030661582946777
/BabyView_Bing/01970002/01970002_GX010008_07.17.2023_2023-07-18-17:23:07.MP4,601.2,201.75566482543945
/BabyView_Bing/01970002/01970002_GX010017_7.31.2023_2023-07-31-19:04:40.MP4,590.72,155.46324634552002
/BabyView_Bing/01970002/01970002_GX010024_08.02.2023_2023-08-02-23:09:16.MP4,704.7,235.82735443115234
/BabyView_Bing/01970002/01970002_GX020024_08.02.2023_2023-08-02-23:27:48.MP4,704.7,250.18356800079346
/BabyView_Bing/01970002/01970002_GX030024_08.02.2023_2023-08-02-23:01:35.MP4,540.47,220.97176933288574
/BabyView_Bing/01970002/01970002_GX010026_08.09.23_2023-08-14-16:13:50.MP4,704.7,627.2885408401489
/BabyView_Bing/01970002/01970002_GX020026_08.09.23_2023-08-14-16:15:29.MP4,410.31,271.84428882598877
/BabyView_Bing/01750001/01750001_GX010004_07.17.2023_2023-07-17-19:29:42.MP4,81.68,43.762389183044434
/BabyView_Bing/01750001/01750001_GX010029_07.26.2023_2023-07-31-18:18:36.MP4,439.31,118.63739490509033
/BabyView_Bing/01750001/01750001_GX010033_07.28.2023_2023-07-31-18:13:57.MP4,276.04,64.90874290466309
/BabyView_Bing/01750001/01750001_GX010036_07.28.2023_2023-07-31-18:16:03.MP4,766.78,208.56673049926758
/BabyView_Bing/01750001/01750001_GX020036_07.28.2023_2023-07-31-18:25:00.MP4,371.84,104.16385173797607
/BabyView_Bing/01750001/01750001_GX010047_08.06.2023_2023-08-07-20:42:16.MP4,350.45,245.0322494506836
/BabyView_Bing/01740001/01740001_GX010032_07.28.2023_2023-07-31-18:11:51.MP4,704.7,559.4361848831177
/BabyView_Bing/01740001/01740001_GX020032_07.28.2023_2023-07-31-18:22:47.MP4,188.12,114.1446361541748
/BabyView_Bing/01740001/01740001_GX010009_07.17.2023_2023-07-18-17:25:59.MP4,768.77,215.87613201141357
/BabyView_Bing/01740001/01740001_GX020009_07.17.2023_2023-07-18-17:38:50.MP4,704.7,204.43339824676514
/BabyView_Bing/01740001/01740001_GX030009_07.17.2023_2023-07-18-22:45:08.MP4,112.61,35.67077827453613
/BabyView_Bing/01720001/01720001_GX010046_08.04.2023_2023-08-06-06:16:44.MP4,158.09,133.53911781311035
/BabyView_Bing/01640001/01640001_GX010013_07.21.2023_2023-07-21-20:45:00.MP4,670.8,196.86957168579102
/BabyView_Bing/01640001/01640001_GX010014_07.21.2023_2023-07-21-21:07:26.MP4,704.7,246.856351852417
/BabyView_Bing/01640001/01640001_GX020014_07.21.2023_2023-07-21-19:02:20.MP4,589.29,699.4699249267578
/BabyView_Bing/01640001/01640001_GX010012_07.19.2023_2023-07-20-18:09:14.MP4,865.88,209.98154544830322
/BabyView_Bing/01640001/01640001_GX020012_07.19.2023_2023-07-20-18:47:32.MP4,768.77,210.69221687316895
/BabyView_Bing/01640001/01640001_GX030012_07.19.2023_2023-07-20-19:17:45.MP4,533.27,190.3972053527832
/BabyView_Bing/01640001/01640001_GX010016_07.28.2023_2023-07-30-04:55:13.MP4,768.77,226.42422008514404
/BabyView_Bing/01640001/01640001_GX020016_07.28.2023_2023-07-30-17:39:04.MP4,661.76,209.34004306793213
/BabyView_Bing/01590001/01590001_GX010021_08.07.2023_2023-08-07-19:04:20.MP4,704.7,309.61768436431885
/BabyView_Bing/01590001/01590001_GX020021_08.07.2023_2023-08-07-19:07:16.MP4,704.7,311.4571237564087
/BabyView_Bing/01590001/01590001_GX030021_08.07.2023_2023-08-07-19:57:44.MP4,704.7,521.88450050354
/BabyView_Bing/01590001/01590001_GX040021_08.07.2023_2023-08-07-20:39:14.MP4,387.15,298.02153873443604
/BabyView_Bing/01480001/01480001_GX010049_08.06.2023_2023-08-07-21:01:07.MP4,230.06,75.59765434265137
/BabyView_Bing/01480001/01480001_GX010050_08.06.2023_2023-08-07-21:38:26.MP4,681.69,476.90411376953125
/BabyView_Bing/01480001/01480001_GX020050_08.06.2023_2023-08-07-23:31:23.MP4,704.7,421.30645179748535
/BabyView_Bing/01480001/01480001_GX030050_08.06.2023_2023-08-08-01:08:34.MP4,704.7,363.6777639389038
/BabyView_Bing/01480001/01480001_GX040050_08.06.2023_2023-08-08-01:45:38.MP4,704.7,428.7152786254883
/BabyView_Bing/01480001/01480001_GX050050_08.06.2023_2023-08-08-01:47:07.MP4,32.51,12.377376556396484
/BabyView_Bing/02510001/02510001_GX020002_03.06.2024_2024-03-07-00:25:51.MP4,441.05,156.71960639953613
/BabyView_Bing/01670001/01670001_GX010064_01.24.2024_2024-01-24-20:02:38.MP4,704.73,801.0692663192749
/BabyView_Bing/01670001/01670001_GX020064_01.24.2024_2024-01-24-19:56:26.MP4,194.67,206.201434135437
/BabyView_Bing/01670001/01670001_GX040039_02.05.2024_2024-02-06-23:12:19.MP4,224.98,127.78800582885742
/BabyView_Bing/01670001/01670001_GX010039_02.05.2024_2024-02-06-23:28:35.MP4,768.79,226.9546184539795
/BabyView_Bing/01670001/01670001_GX020039_02.05.2024_2024-02-06-23:17:00.MP4,704.73,206.06371593475342
/BabyView_Bing/01670001/01670001_GX030039_02.05.2024_2024-02-06-23:21:45.MP4,768.79,238.11069869995117
/BabyView_Bing/01670001/01670001_GX030040_02.07.2024_2024-02-08-22:20:54.MP4,128.85,52.08097839355469
/BabyView_Bing/01670001/01670001_GX010040_02.07.2024_2024-02-09-16:45:06.MP4,768.79,249.2991943359375
/BabyView_Bing/01670001/01670001_GX010091_02.14.2024_2024-02-14-22:55:40.MP4,732.76,198.87356758117676
/BabyView_Bing/01670001/01670001_GX020091_02.14.2024_2024-02-14-23:14:19.MP4,704.73,222.9243049621582
/BabyView_Bing/01670001/01670001_GX030091_02.14.2024_2024-02-14-23:21:26.MP4,704.73,512.0947685241699
/BabyView_Bing/01670001/01670001_GX040091_02.14.2024_2024-02-14-23:21:36.MP4,24.96,28.115666389465332
/BabyView_Bing/01670001/01670001_GX010055_03.04.2024_2024-03-05-19:44:55.MP4,704.73,508.7846632003784
/BabyView_Bing/01670001/01670001_GX020055_03.04.2024_2024-03-05-19:39:36.MP4,131.93,50.28093719482422
/BabyView_Bing/01670001/01670001_GX010062_04.24.2024_2024-04-26-18:29:14.MP4,704.73,226.83110523223877
/BabyView_Bing/01670001/01670001_GX020062_04.24.2024_2024-04-26-18:03:02.MP4,704.73,229.2672462463379
/BabyView_Bing/01670001/01670001_GX030062_04.24.2024_2024-04-26-17:54:02.MP4,704.73,260.7912588119507
/BabyView_Bing/01670001/01670001_GX040062_04.24.2024_2024-04-26-17:49:39.MP4,393.76,142.45261001586914
/BabyView_Bing/01420001/01420001_GX010029_01.22.2024_2024-01-23-18:50:15.MP4,15.92,3.865553855895996
/BabyView_Bing/01420001/01420001_GX010063_01.24.2024_2024-01-24-20:02:47.MP4,15.96,8.269087791442871
/BabyView_Bing/01420001/01420001_GX010066_01.31.2024_2024-01-31-22:19:09.MP4,662.8,736.989580154419
/BabyView_Bing/01420001/01420001_GX010072_02.05.2024_2024-02-06-20:12:34.MP4,44.72,20.68928623199463
/BabyView_Bing/01420001/01420001_GX010078_02.07.2024_2024-02-07-19:01:06.MP4,129.5,52.45565700531006
/BabyView_Bing/01420001/01420001_GX010048_02.26.2024_2024-02-27-18:41:25.MP4,14.96,12.569397926330566
/BabyView_Bing/01420001/01420001_GX010048_02.21.2024_2024-02-28-12:27:39.MP4,241.68,233.3637638092041
/BabyView_Bing/01920001/01920001_GX010065_01.24.2024_2024-01-24-19:54:47.MP4,704.73,221.49832916259766
/BabyView_Bing/01920001/01920001_GX020065_01.24.2024_2024-01-24-19:48:28.MP4,704.73,219.21342945098877
/BabyView_Bing/01920001/01920001_GX030065_01.24.2024_2024-01-24-19:42:13.MP4,768.79,272.1843681335449
/BabyView_Bing/01920001/01920001_GX040065_01.24.2024_2024-01-24-19:35:59.MP4,799.4,268.67202377319336
/BabyView_Bing/01920001/01920001_GX010040_02.07.2024_2024-02-13-18:19:53.MP4,704.73,231.52977561950684
/BabyView_Bing/01920001/01920001_GX020040_02.07.2024_2024-02-13-18:16:10.MP4,675.84,243.5410976409912
/BabyView_Bing/01920001/01920001_GX010087_02.14.2024_2024-02-14-22:44:53.MP4,704.73,289.2381782531738
/BabyView_Bing/01920001/01920001_GX030087_02.14.2024_2024-02-14-23:08:07.MP4,704.73,560.8044948577881
/BabyView_Bing/01920001/01920001_GX040087_02.14.2024_2024-02-14-23:15:32.MP4,140.64,110.30004978179932
/BabyView_Bing/01920001/01920001_GX020094_02.21.2024_2024-02-21-23:00:50.MP4,32.45,30.628225326538086
/BabyView_Bing/01920001/01920001_GX010094_02.21.2024_2024-02-21-22:37:20.MP4,702.74,239.20253086090088
/BabyView_Bing/02300001/02300001_GX010044_02.21.2024_2024-02-23-17:56:43.MP4,704.73,485.8380317687988
/BabyView_Bing/02300001/02300001_GX020044_02.21.2024_2024-02-23-17:42:22.MP4,704.73,427.75153732299805
/BabyView_Bing/02300001/02300001_GX030044_02.21.2024_2024-02-23-17:43:42.MP4,243.82,284.5935821533203
/BabyView_Bing/02300001/02300001_GX020058_01.22.2024_2024-01-23-05:28:25.MP4,429.23,108.99545955657959
/BabyView_Bing/02300001/02300001_GX010036_01.31.2024_2024-02-02-20:28:19.MP4,768.79,206.5208034515381
/BabyView_Bing/02300001/02300001_GX020036_01.31.2024_2024-02-02-19:27:48.MP4,179.55,67.18890571594238
/BabyView_Bing/02300001/02300001_GX010055_02.28.2024_2024-03-02-00:42:56.MP4,832.85,215.5117015838623
/BabyView_Bing/02300001/02300001_GX020055_02.28.2024_2024-03-02-00:50:12.MP4,704.73,198.20285320281982
/BabyView_Bing/02300001/02300001_GX030055_02.28.2024_2024-03-02-00:52:00.MP4,341.04,130.5634527206421
/BabyView_Bing/02300001/02300001_GX010052_03.04.2024_2024-03-05-19:33:44.MP4,319.55,121.14721298217773
/BabyView_Bing/02300001/02300001_GX010010_04.15.2024_2024-04-16-17:46:14.MP4,768.79,201.50700759887695
/BabyView_Bing/02300001/02300001_GX020010_04.15.2024_2024-04-16-17:50:47.MP4,401.71,121.10319709777832
/BabyView_Bing/01850001/01850001_GX010053_03.04.2024_2024-03-05-19:50:01.MP4,220.22,111.30011463165283
/BabyView_Bing/01450001/01450001_GX010082_02.12.2024_2024-02-13-00:00:14.MP4,137.88,52.19508171081543
/BabyView_Bing/01450001/01450001_GX010085_02.14.2024_2024-02-14-22:48:22.MP4,64.03,20.63009262084961
/BabyView_Bing/01450001/01450001_GX010049_02.21.2024_2024-02-28-09:01:24.MP4,194.67,77.30306243896484
/BabyView_Bing/01450001/01450001_GX010003_03.06.2024_2024-03-07-00:21:17.MP4,225.37,204.36446285247803
/BabyView_Bing/01450001/01450001_GX010002_04.25.2024_2024-04-25-20:32:20.MP4,572.33,388.4618549346924
/BabyView_Bing/02080001/02080001_GX010056_01.22.2024_2024-01-23-04:42:29.MP4,143.57999999999998,172.33679485321045
/BabyView_Bing/02080001/02080001_GX010030_01.24.2024_2024-01-25-17:36:50.MP4,335.67,104.8715648651123
/BabyView_Bing/02080001/02080001_GX010038_02.05.2024_2024-02-06-23:26:40.MP4,233.54,100.23438930511475
/BabyView_Bing/02080001/02080001_GX010039_02.07.2024_2024-02-08-22:55:36.MP4,126.23,41.35215663909912
/BabyView_Bing/02080001/02080001_GX010077_02.07.2024_2024-02-07-18:54:12.MP4,104.47,27.630083084106445
/BabyView_Bing/02080001/02080001_GX010045_02.21.2024_2024-02-23-17:53:01.MP4,704.73,197.8939332962036
/BabyView_Bing/02080001/02080001_GX020045_02.21.2024_2024-02-23-17:47:27.MP4,768.79,209.06454372406006
/BabyView_Bing/02080001/02080001_GX030045_02.21.2024_2024-02-23-17:49:33.MP4,391.36,258.05040550231934
/BabyView_Bing/02080001/02080001_GX010054_02.28.2024_2024-03-02-00:46:47.MP4,704.73,613.7114772796631
/BabyView_Bing/02080001/02080001_GX020054_02.28.2024_2024-03-02-00:39:22.MP4,704.73,568.6506385803223
/BabyView_Bing/02080001/02080001_GX030054_02.28.2024_2024-03-02-00:56:14.MP4,704.73,586.0451593399048
/BabyView_Bing/02080001/02080001_GX040054_02.28.2024_2024-03-02-00:58:52.MP4,427.26,266.2410364151001
/BabyView_Bing/02080001/02080001_GX020001_03.06.2024_2024-03-07-00:23:31.MP4,321.39,294.7607469558716
/BabyView_Bing/02080001/02080001_GX010001_03.06.2024_2024-03-07-00:16:15.MP4,704.73,502.9714288711548
/BabyView_Bing/02080001/02080001_GX010063_04.24.2024_2024-04-26-17:58:19.MP4,704.73,193.52282619476318
/BabyView_Bing/02080001/02080001_GX020063_04.24.2024_2024-04-26-17:47:08.MP4,150.42000000000002,48.3138427734375
/BabyView_Bing/01520001/01520001_GX010033_01.29.2024_2024-01-30-19:53:25.MP4,704.73,551.6540393829346
/BabyView_Bing/01520001/01520001_GX020033_01.29.2024_2024-01-30-19:49:38.MP4,704.73,488.63603019714355
/BabyView_Bing/01520001/01520001_GX030033_01.29.2024_2024-01-30-20:04:38.MP4,704.73,1032.1430320739746
/BabyView_Bing/01520001/01520001_GX040033_01.29.2024_2024-01-30-20:12:06.MP4,704.73,659.0614500045776
/BabyView_Bing/01520001/01520001_GX050033_01.29.2024_2024-01-30-20:18:07.MP4,655.69,399.85702896118164
/BabyView_Bing/01520001/01520001_GX010035_01.31.2024_2024-02-02-19:36:09.MP4,63.73,19.366649627685547
/BabyView_Bing/01520001/01520001_GX010092_02.21.2024_2024-02-21-22:44:56.MP4,704.73,758.9510526657104
/BabyView_Bing/01520001/01520001_GX020092_02.21.2024_2024-02-21-23:00:01.MP4,676.81,659.3817768096924
/BabyView_Bing/01520001/01520001_GX010098_03.04.2024_2024-03-04-19:08:36.MP4,33.37,27.16281032562256
/BabyView_Bing/01520001/01520001_GX010099_03.04.2024_2024-03-04-19:19:13.MP4,388.69,571.4539670944214
/BabyView_Bing/01520001/01520001_GX010006_03.06.2024_2024-03-07-00:21:47.MP4,18.49,7.823019981384277
/BabyView_Bing/01520001/01520001_GX010004_03.06.2024_2024-03-07-00:21:41.MP4,82.42,60.18906211853027
/BabyView_Bing/01970003/01970003_GX010079_02.07.2024_2024-02-07-18:59:58.MP4,661.7,260.9344825744629
/BabyView_Bing/01970003/01970003_GX020079_02.07.2024_2024-02-07-19:12:57.MP4,16.43,6.6094207763671875
/BabyView_Bing/01970003/01970003_GX010080_02.07.2024_2024-02-07-19:06:59.MP4,704.73,251.20305824279785
/BabyView_Bing/01970003/01970003_GX020080_02.07.2024_2024-02-07-19:12:48.MP4,768.79,244.54137897491455
/BabyView_Bing/01970003/01970003_GX030080_02.07.2024_2024-02-07-19:18:59.MP4,830.38,196.3377561569214
/BabyView_Bing/01970003/01970003_GX020083_02.12.2024_2024-02-12-23:58:27.MP4,80.6,37.71968364715576
/BabyView_Bing/01970003/01970003_GX010083_02.12.2024_2024-02-12-23:46:06.MP4,694.72,242.99193477630615
/BabyView_Bing/01970003/01970003_GX010046_02.26.2024_2024-02-27-18:30:15.MP4,704.73,307.2287139892578
/BabyView_Bing/01970003/01970003_GX020046_02.26.2024_2024-02-27-18:41:17.MP4,704.73,426.28180503845215
/BabyView_Bing/01970003/01970003_GX030046_02.26.2024_2024-02-27-18:48:15.MP4,272.28,215.94319534301758
/BabyView_Bing/01970003/01970003_GX010051_02.28.2024_2024-03-01-19:53:58.MP4,704.73,483.2781238555908
/BabyView_Bing/01970003/01970003_GX020051_02.28.2024_2024-03-01-19:58:20.MP4,704.73,627.7082710266113
/BabyView_Bing/01970003/01970003_GX010059_03.06.2024_2024-03-07-17:40:59.MP4,704.73,932.7880611419678
/BabyView_Bing/01970003/01970003_GX020059_03.06.2024_2024-03-07-17:36:46.MP4,704.73,258.58343982696533
/BabyView_Bing/01970003/01970003_GX030059_03.06.2024_2024-03-07-17:32:41.MP4,120.13,43.77188014984131
/BabyView_Bing/02090001/02090001_GX010055_01.22.2024_2024-01-23-04:41:10.MP4,704.73,544.6345434188843
/BabyView_Bing/02090001/02090001_GX020055_01.22.2024_2024-01-23-05:16:03.MP4,544.78,186.74151515960693
/BabyView_Bing/02090001/02090001_GX010097_02.26.2024_2024-02-26-22:37:54.MP4,704.73,556.36989402771
/BabyView_Bing/02090001/02090001_GX020097_02.26.2024_2024-02-26-22:52:16.MP4,704.73,456.96396350860596
/BabyView_Bing/02090001/02090001_GX030097_02.26.2024_2024-02-26-22:54:35.MP4,222.19,145.34884643554688
/BabyView_Bing/01550001/01550001_GX010095_02.21.2024_2024-02-21-22:52:19.MP4,106.05,139.710542678833
/BabyView_Bing/02510001/02510001_GX010041_02.14.2024_2024-02-09-16:47:46.MP4,768.79,197.30966663360596
/BabyView_Bing/02510001/02510001_GX020041_02.14.2024_2024-02-09-16:51:40.MP4,704.73,222.83930015563965
/BabyView_Bing/02510001/02510001_GX030041_02.14.2024_2024-02-09-16:52:15.MP4,151.72,45.91880512237549
/BabyView_Bing/02510001/02510001_GX010086_02.14.2024_2024-02-14-22:47:53.MP4,343.64,346.5934896469116
/BabyView_Bing/02510001/02510001_GX010050_02.21.2024_2024-03-02-00:24:46.MP4,303.81,133.30160999298096
/BabyView_Bing/02510001/02510001_GX010053_02.21.2024_2024-02-28-23:55:27.MP4,599.07,300.01335048675537
/BabyView_Bing/02510001/02510001_GX010052_02.21.2024_2024-02-29-18:51:44.MP4,704.73,216.1217851638794
/BabyView_Bing/02510001/02510001_GX020052_02.21.2024_2024-02-29-11:05:08.MP4,704.73,236.7316379547119
/BabyView_Bing/02510001/02510001_GX030052_02.21.2024_2024-02-29-14:34:01.MP4,489.36,220.39188194274902
/BabyView_Bing/02510001/02510001_GX010002_03.06.2024_2024-03-07-00:19:37.MP4,704.73,262.26514053344727
/BabyView_Bing/Bobby_Temp/Bobby_Temp_GX010065__2024-04-30-18:58:19.MP4,64.33,42.412896156311035
/BabyView_Bing/Bobby_Temp/Bobby_Temp_GX010067__2024-04-30-19:03:14.MP4,75.65,39.0212516784668
/BabyView_Bing/Bobby_Temp/Bobby_Temp_GX010066__2024-04-30-19:02:45.MP4,704.73,621.3062229156494
/BabyView_Bing/Bobby_Temp/Bobby_Temp_GX010064__2024-04-30-18:57:52.MP4,704.73,496.5612163543701
/BabyView_Bing/Bobby_Temp/Bobby_Temp_GX010068__2024-04-30-19:07:45.MP4,768.79,219.02318382263184
/BabyView_Bing/Bobby_Temp/Bobby_Temp_GX020064__2024-04-30-19:09:46.MP4,319.32,110.77566337585449
/BabyView_Bing/Bobby_Temp/Bobby_Temp_GX020066__2024-04-30-19:13:16.MP4,539.78,471.99658203125
/BabyView_Bing/Bobby_Temp/Bobby_Temp_GX020068__2024-04-30-18:51:59.MP4,704.73,204.29333305358887
/BabyView_Bing/Bobby_Temp/Bobby_Temp_GX030068__2024-04-30-18:47:34.MP4,768.79,389.47332668304443
/BabyView_Bing/Bobby_Temp/Bobby_Temp_GX040068__2024-04-30-18:42:43.MP4,704.73,535.0855960845947
/BabyView_Bing/Bobby_Temp/Bobby_Temp_GX050068__2024-04-30-18:53:18.MP4,189.66,134.07307052612305
/BabyView_Bing/01670001/01670001_GX010027_01.22.2024_2024-01-23-18:47:30.MP4,704.73,289.36124992370605
/BabyView_Bing/01670001/01670001_GX020027_01.22.2024_2024-01-23-18:40:55.MP4,768.79,355.37046813964844
/BabyView_Bing/01670001/01670001_GX030027_01.22.2024_2024-01-23-18:43:33.MP4,373.44,136.02720165252686
/BabyView_Bing/01920001/01920001_GX020087_02.14.2024_2024-02-14-23:02:19.MP4,704.73,350.7059030532837
/BabyView_Bing/02300001/02300001_GX010058_01.22.2024_2024-01-23-04:53:43.MP4,896.92,196.86302757263184
/BabyView_Bing/01480001/01480001_GX030042_02.14.2024_2024-02-15-20:11:45.MP4,704.73,229.70868015289307
/BabyView_Bing/01480001/01480001_GX040042_02.14.2024_2024-02-15-19:34:09.MP4,428.36,167.42486763000488
/BabyView_Bing/01480001/01480001_GX010042_02.14.2024_2024-02-15-19:38:35.MP4,704.73,217.87591075897217
/BabyView_Bing/01480001/01480001_GX020042_02.14.2024_2024-02-15-20:05:09.MP4,704.73,234.89317417144775
/BabyView_Bing/01480001/01480001_GX030037_01.31.2024_2024-02-02-20:44:21.MP4,1025.05,222.167706489563
/BabyView_Bing/01480001/01480001_GX040037_01.31.2024_2024-02-02-20:41:08.MP4,832.85,171.75819969177246
/BabyView_Bing/01560001/01560001_GX010034_01.31.2024_2024-02-02-19:35:48.MP4,92.86,33.65619945526123
/BabyView_Bing/01560001/01560001_GX010054_03.04.2024_2024-03-05-19:48:25.MP4,482.28,626.2477149963379
/BabyView_Bing/01560001/01560001_GX010056_03.04.2024_2024-03-05-19:38:38.MP4,832.85,213.37968063354492
/BabyView_Bing/01560001/01560001_GX020056_03.04.2024_2024-03-05-19:33:53.MP4,21.79,7.968691825866699
/BabyView_Bing/01560001/01560001_GX010003_04.24.2024_2024-04-25-20:35:53.MP4,704.73,465.68327617645264
/BabyView_Bing/01560001/01560001_GX020003_04.24.2024_2024-04-25-20:43:12.MP4,640.26,262.07627391815186
/BabyView_Bing/01720001/01720001_GX050103_03.06.2024_2024-03-06-20:19:18.MP4,451.85,161.88116359710693
/BabyView_Bing/01590001/01590001_GX010104_03.06.2024_2024-03-06-19:44:09.MP4,704.73,219.46418857574463
/BabyView_Bing/01590001/01590001_GX020104_03.06.2024_2024-03-06-19:50:49.MP4,704.73,222.4052963256836
/BabyView_Bing/01590001/01590001_GX030104_03.06.2024_2024-03-06-20:02:30.MP4,704.73,479.0687885284424
/BabyView_Bing/01590001/01590001_GX040104_03.06.2024_2024-03-06-20:08:44.MP4,704.73,672.1890497207642
/BabyView_Bing/01590001/01590001_GX050104_03.06.2024_2024-03-06-20:24:46.MP4,597.74,720.5704917907715
/BabyView_Bing/01480001/01480001_GX010028_01.22.2024_2024-01-23-18:50:09.MP4,768.79,212.6523199081421
/BabyView_Bing/01480001/01480001_GX020028_01.22.2024_2024-01-23-18:45:35.MP4,592.03,283.4872579574585
/BabyView_Bing/01480001/01480001_GX010037_01.31.2024_2024-02-02-20:52:25.MP4,704.73,265.96617794036865
/BabyView_Bing/01480001/01480001_GX020037_01.31.2024_2024-02-02-20:48:12.MP4,704.73,225.9388427734375
/BabyView_Bing/01740001/01740001_GX020060_03.06.2024_2024-03-07-17:27:26.MP4,704.73,210.36383724212646
/BabyView_Bing/01740001/01740001_GX030060_03.06.2024_2024-03-07-17:23:05.MP4,240.11,84.49664974212646
/BabyView_Bing/01740001/01740001_GX010060_03.06.2024_2024-03-07-17:31:53.MP4,768.79,221.59957122802734
/BabyView_Bing/01740001/01740001_GX010008_04.29.2024_2024-04-30-21:25:54.MP4,704.73,1091.4201822280884
/BabyView_Bing/01720001/01720001_GX010074_02.05.2024_2024-02-06-20:19:00.MP4,768.79,203.94308280944824
/BabyView_Bing/01720001/01720001_GX020074_02.05.2024_2024-02-06-20:39:46.MP4,768.79,204.36140060424805
/BabyView_Bing/01720001/01720001_GX030074_02.05.2024_2024-02-06-20:41:48.MP4,251.69,77.15337562561035
/BabyView_Bing/01720001/01720001_GX020084_02.12.2024_2024-02-12-23:51:07.MP4,803.44,175.8154878616333
/BabyView_Bing/01720001/01720001_GX010084_02.12.2024_2024-02-12-23:56:28.MP4,896.92,215.74928951263428
/BabyView_Bing/01720001/01720001_GX010043_02.14.2024_2024-02-15-20:02:41.MP4,832.85,241.48086643218994
/BabyView_Bing/01720001/01720001_GX020043_02.14.2024_2024-02-15-20:07:18.MP4,768.79,209.59288024902344
/BabyView_Bing/01720001/01720001_GX030043_02.14.2024_2024-02-15-20:12:57.MP4,264.2,77.7276201248169
/BabyView_Bing/01720001/01720001_GX010101_03.04.2024_2024-03-04-19:29:41.MP4,768.79,197.24919891357422
/BabyView_Bing/01720001/01720001_GX020101_03.04.2024_2024-03-04-19:37:00.MP4,768.79,195.93194007873535
/BabyView_Bing/01720001/01720001_GX030101_03.04.2024_2024-03-04-19:38:05.MP4,140.04,70.01480960845947
/BabyView_Bing/01720001/01720001_GX020103_03.06.2024_2024-03-06-19:36:59.MP4,704.73,649.6292295455933
/BabyView_Bing/01720001/01720001_GX030103_03.06.2024_2024-03-06-19:56:39.MP4,704.73,307.3896236419678
/BabyView_Bing/01720001/01720001_GX040103_03.06.2024_2024-03-06-20:14:49.MP4,704.73,271.32367992401123
/BabyView_Bing/02510001/02510001_GX030005_04.29.2024_2024-04-30-21:39:41.MP4,185.37,73.82372951507568
/BabyView_Bing/02140001/02140001_GX040070_01.31.2024_2024-01-31-23:03:42.MP4,704.73,504.54176139831543
/BabyView_Bing/02140001/02140001_GX050070_01.31.2024_2024-01-31-23:09:17.MP4,532.93,426.9455499649048
/BabyView_Bing/02140001/02140001_GX010049_02.26.2024_2024-02-27-18:34:31.MP4,481.34,409.7312250137329
/BabyView_Bing/02140001/02140001_GX020049_02.26.2024_2024-02-27-18:36:22.MP4,261.33,231.64428901672363
/BabyView_Bing/02100001/02100001_GX010031_01.24.2023_2024-01-25-17:41:14.MP4,704.73,485.0822010040283
/BabyView_Bing/02100001/02100001_GX020031_01.24.2023_2024-01-25-17:50:26.MP4,704.73,594.0016202926636
/BabyView_Bing/02100001/02100001_GX030031_01.24.2023_2024-01-25-17:21:19.MP4,577.84,472.759220123291
/BabyView_Bing/02100001/02100001_GX010032_01.24.2023_2024-01-25-17:45:57.MP4,768.79,219.46089363098145
/BabyView_Bing/02100001/02100001_GX020032_01.24.2023_2024-01-25-17:30:37.MP4,704.73,212.37822723388672
/BabyView_Bing/02100001/02100001_GX030032_01.24.2023_2024-01-25-17:25:54.MP4,704.73,264.5250244140625
/BabyView_Bing/02100001/02100001_GX040032_01.24.2023_2024-01-25-17:54:52.MP4,704.73,516.607253074646
/BabyView_Bing/02100001/02100001_GX050032_01.24.2023_2024-01-25-17:34:41.MP4,601.97,517.3074426651001
/BabyView_Bing/01990001/01990001_GX010043_02.14.2024_2024-02-20-17:50:04.MP4,657.43,482.06374740600586
/BabyView_Bing/01990001/01990001_GX010047_02.26.2024_2024-02-27-18:26:17.MP4,832.85,212.48788738250732
/BabyView_Bing/01990001/01990001_GX020047_02.26.2024_2024-02-27-18:46:19.MP4,768.79,206.92523860931396
/BabyView_Bing/01990001/01990001_GX030047_02.26.2024_2024-02-27-18:31:07.MP4,82.45,30.70046329498291
/BabyView_Bing/01990001/01990001_GX010057_03.06.2024_2024-03-07-17:45:24.MP4,689.16,247.743013381958
/BabyView_Bing/01970002/01970002_GX010037_01.31.2024_2024-02-02-19:35:10.MP4,529.54,146.01063346862793
/BabyView_Bing/01970002/01970002_GX010001_01.24.2024_2024-01-24-19:33:45.MP4,768.79,206.8970823287964
/BabyView_Bing/01970002/01970002_GX020001_01.24.2024_2024-01-24-19:36:27.MP4,832.85,248.0929079055786
/BabyView_Bing/01970002/01970002_GX030001_01.24.2024_2024-01-24-19:38:09.MP4,483.16,242.46108627319336
/BabyView_Bing/01970002/01970002_GX010026_08.09.2023_2023-08-14-16:13:50.MP4,704.73,627.3671426773071
/BabyView_Bing/01970002/01970002_GX020026_08.09.2023_2023-08-14-16:15:29.MP4,410.31,271.89727878570557
/BabyView_Bing/01970002/01970002_GX010017_07.31.2023_2023-07-31-19:04:40.MP4,590.72,155.5271873474121
/BabyView_Bing/01970002/01970002_GX010073_02.05.2024_2024-02-06-20:24:47.MP4,530.2,212.66918182373047
/BabyView_Bing/01970002/01970002_GX010046_02.14.2024_2024-02-20-17:53:32.MP4,222.06,196.87114906311035
/BabyView_Bing/01970002/01970002_GX010044_02.14.2024_2024-02-20-17:45:58.MP4,429.46,161.22496223449707
/BabyView_Bing/01970002/01970002_GX010100_03.04.2024_2024-03-04-19:15:23.MP4,674.44,324.9658155441284
/BabyView_Bing/01970002/01970002_GX010058_03.06.2024_2024-03-07-17:41:39.MP4,110.08,38.52015018463135
/BabyView_Bing/01750001/01750001_GX010011_04.17.2024_2024-04-17-23:30:01.MP4,497.7,179.08168601989746
/BabyView_Bing/01750001/01750001_GX010061_03.06.2024_2024-03-07-17:20:33.MP4,704.73,551.762529373169
/BabyView_Bing/01750001/01750001_GX020061_03.06.2024_2024-03-07-17:21:38.MP4,186.89,192.94214534759521
/BabyView_Bing/01740001/01740001_GX010038_02.07.2024_2024-02-08-21:24:01.MP4,155.86,56.27360916137695
/BabyView_Bing/01740001/01740001_GX010059_01.22.2024_2024-01-23-04:55:30.MP4,240.68,94.402099609375
/BabyView_Bing/01740001/01740001_GX010093_02.21.2024_2024-02-21-22:51:23.MP4,704.73,214.7614984512329
/BabyView_Bing/01740001/01740001_GX020093_02.21.2024_2024-02-21-23:00:32.MP4,65.71,24.086885452270508
/BabyView_Bing/01970003/01970003_GX020006_04.29.2024_2024-04-30-21:32:44.MP4,578.07,575.2758893966675
/BabyView_Bing/01970003/01970003_GX010007_04.29.2024_2024-04-30-21:17:46.MP4,513.92,199.26695728302002
/BabyView_Bing/01970003/01970003_GX010006_04.29.2024_2024-04-30-21:21:50.MP4,704.73,795.8318672180176
/BabyView_Bing/02510001/02510001_GX010005_04.29.2024_2024-04-30-21:38:48.MP4,704.73,361.13562870025635
/BabyView_Bing/02510001/02510001_GX020005_04.29.2024_2024-04-30-21:29:44.MP4,704.73,264.1995048522949
/BabyView_Bing/02330001/02330001_GX010060_01.22.2024_2024-01-23-05:00:59.MP4,719.74,365.1106605529785
/BabyView_Bing/02330001/02330001_GX020060_01.22.2024_2024-01-23-05:43:07.MP4,407.71,169.81034469604492
/BabyView_Bing/02330001/02330001_01:5:2024_02.05.2024_2024-02-07-22:52:45.MP4,529.86,135.025634765625
/BabyView_Bing/02550001/02550001_GX010012_07.24.2023_2023-07-24-21:16:49.MP4,42.35,16.802973747253418
/BabyView_Bing/02550001/02550001_GX010031_07.31.2023_2023-07-31-18:14:34.MP4,289.99,136.04360485076904
/BabyView_Bing/02550001/02550001_GX010037_07.31.2023_2023-08-02-04:25:08.MP4,768.79,247.26911640167236
/BabyView_Bing/02550001/02550001_GX020037_07.31.2023_2023-08-02-05:12:26.MP4,704.73,251.65944290161133
/BabyView_Bing/02550001/02550001_GX030037_07.31.2023_2023-08-02-05:57:27.MP4,704.73,351.3596878051758
/BabyView_Bing/02550001/02550001_GX040037_07.31.2023_2023-08-02-06:46:28.MP4,704.73,348.3770866394043
/BabyView_Bing/02550001/02550001_GX050037_07.31.2023_2023-08-02-07:26:49.MP4,610.13,214.43372058868408
/BabyView_Bing/02490001/02490001_GX010034_01.29.2024_2024-01-30-19:57:08.MP4,704.73,241.02865505218506
/BabyView_Bing/02490001/02490001_GX020034_01.29.2024_2024-01-30-20:00:50.MP4,704.73,234.16818237304688
/BabyView_Bing/02490001/02490001_GX030034_01.29.2024_2024-01-30-20:08:22.MP4,704.73,704.5603475570679
/BabyView_Bing/02490001/02490001_GX040034_01.29.2024_2024-01-30-20:14:53.MP4,513.81,730.3245115280151
/BabyView_Bing/02490001/02490001_GX010002_02.05.2024_2024-02-08-00:02:11.MP4,686.72,335.44679164886475
/BabyView_Bing/02490001/02490001_GX010039_02.07.2024_2024-02-13-18:08:20.MP4,704.73,298.16761016845703
/BabyView_Bing/02490001/02490001_GX020039_02.07.2024_2024-02-13-18:12:27.MP4,768.79,273.33846855163574
/BabyView_Bing/02490001/02490001_GX030039_02.07.2024_2024-02-13-18:03:32.MP4,704.73,289.2842559814453
/BabyView_Bing/02490001/02490001_GX040039_02.07.2024_2024-02-13-17:59:01.MP4,704.73,287.9291753768921
/BabyView_Bing/02490001/02490001_GX050039_02.07.2024_2024-02-13-17:54:51.MP4,222.36,67.11910152435303
/BabyView_Bing/02490001/02490001_GX010009_04.15.2024_2024-04-16-17:43:18.MP4,704.73,301.71802139282227
/BabyView_Bing/02490001/02490001_GX020009_04.15.2024_2024-04-16-17:49:17.MP4,643.28,299.14561462402344
/BabyView_Bing/02410001/02410001_GX010057_01.22.2024_2024-01-23-04:48:32.MP4,832.85,264.8076171875
/BabyView_Bing/02410001/02410001_GX020057_01.22.2024_2024-01-23-05:25:49.MP4,456.56,252.91328716278076
/BabyView_Bing/02410001/02410001_GX010067_01.31.2024_2024-01-31-22:26:18.MP4,681.71,243.09104442596436
/BabyView_Bing/02410001/02410001_GX020067_01.31.2024_2024-01-31-22:41:18.MP4,666.33,222.56702136993408
/BabyView_Bing/02410001/02410001_GX010075_02.05.2024_2024-02-06-20:25:13.MP4,56.52,17.900156021118164
/BabyView_Bing/02410001/02410001_GX010076_02.05.2024_2024-02-06-20:33:01.MP4,659.22,316.6735324859619
/BabyView_Bing/02410001/02410001_GX010041_02.14.2024_2024-02-15-19:43:14.MP4,704.73,443.5545587539673
/BabyView_Bing/02410001/02410001_GX020041_02.14.2024_2024-02-15-20:37:43.MP4,2.8,1.848099708557129
/BabyView_Bing/02410001/02410001_GX020096_02.26.2024_2024-02-26-22:45:08.MP4,321.66,133.59222888946533
/BabyView_Bing/02410001/02410001_GX010096_02.26.2024_2024-02-26-22:42:45.MP4,704.73,301.73701667785645
/BabyView_Bing/02390001/02390001_GX020081_02.12.2024_2024-02-12-23:57:57.MP4,192.9,77.79920387268066
/BabyView_Bing/02390001/02390001_GX010081_02.12.2024_2024-02-13-00:06:20.MP4,704.73,261.90027809143066
/BabyView_Bing/02390001/02390001_GX010012_04.17.2024_2024-04-17-23:24:31.MP4,768.79,459.2196207046509
/BabyView_Bing/02390001/02390001_GX020012_04.17.2024_2024-04-17-23:15:46.MP4,704.73,438.4924373626709
/BabyView_Bing/02390001/02390001_GX030012_04.17.2024_2024-04-17-23:40:26.MP4,704.73,567.4410448074341
/BabyView_Bing/02390001/02390001_GX040012_04.17.2024_2024-04-17-23:48:36.MP4,768.79,207.54723167419434
/BabyView_Bing/02140001/02140001_GX010070_01.31.2024_2024-01-31-22:33:39.MP4,692.72,229.48820877075195
/BabyView_Bing/02140001/02140001_GX020070_01.31.2024_2024-01-31-22:49:09.MP4,704.73,215.56871795654297
/BabyView_Bing/02140001/02140001_GX030070_01.31.2024_2024-01-31-22:56:15.MP4,704.73,352.54995918273926
/BabyView_Bing/01720001/01720001_GX010103_03.06.2024_2024-03-06-19:31:20.MP4,704.73,750.1628875732422
