File_Path,Highligh_Exist?,Highlight_Info
/BabyView_Main/00440001/00440001_GX010047_04.22.2024-04.28.2024_04.22.2024-NA.zip,No,NA
/BabyView_Main/00440001/00440001_GX010048_04.22.2024-04.28.2024_04.22.2024-NA.zip,No,NA
/BabyView_Main/00440001/00440001_GX020048_04.22.2024-04.28.2024_04.22.2024-NA.zip,No,NA
/BabyView_Main/00440001/00440001_GX010001_02.05.2024-02.11.2024_02.05.2024-NA.zip,No,NA
/BabyView_Main/00370001/00370001_GX020049_04.22.2024-04.28.2024_04.23.2024-2:04pm.zip,No,NA
/BabyView_Main/00370001/00370001_GX010052_04.22.2024-04.28.2024_04.25.2024-10:20pm.zip,No,NA
/BabyView_Main/00370001/00370001_GX010050_04.22.2024-04.28.2024_04.23.2024-2:23pm.zip,No,NA
/BabyView_Main/00370001/00370001_GX010049_04.22.2024-04.28.2024_04.23.2024-2:04pm.zip,No,NA
/BabyView_Main/00370001/00370001_GX010051_04.22.2024-04.28.2024_04.25.2024-10:00am.zip,No,NA
/BabyView_Main/00370001/00370001_GX020051_04.22.2024-04.28.2024_04.25.2024-10:00am.zip,No,NA
/BabyView_Main/00370001/00370001_GX020030_03.25.2024-03.31.2024_03.26.2024-6:30pm.zip,No,NA
/BabyView_Main/00370001/00370001_GX010045_04.15.2024-04.21.2024_04.18.2024-6:22pm.zip,No,NA
/BabyView_Main/00370002/00370002_GX030023_04.29.2024-05.05.2024_2024-05-05-16:47:46.zip,No,NA
/BabyView_Main/00370002/00370002_GX010023_04.29.2024-05.05.2024_2024-05-05-16:11:51.zip,No,NA
/BabyView_Main/00370002/00370002_GX020023_04.29.2024-05.05.2024_2024-05-05-16:34:25.zip,No,NA
/BabyView_Main/00370002/00370002_GX010022_04.29.2024-05.05.2024_2024-05-04-01:24:43.zip,No,NA
/BabyView_Main/00370002/00370002_GX020022_04.29.2024-05.05.2024_2024-05-04-01:46:48.zip,No,NA
/BabyView_Main/00370002/00370002_GX030022_04.29.2024-05.05.2024_2024-05-04-02:09:21.zip,No,NA
/BabyView_Main/00320003/00320003_GX010063_04.22.2024-04.28.2024_04.28.2024-8:10am.zip,No,NA
/BabyView_Main/00320003/00320003_GX010065_04.22.2024-04.28.2024_04.28.2024-12:32pm.zip,No,NA
/BabyView_Main/00320003/00320003_GX010064_04.22.2024-04.28.2024_04.28.2024-11:46am.zip,No,NA
/BabyView_Main/00320003/00320003_GX020064_04.22.2024-04.28.2024_04.28.2024-11:46am.zip,No,NA
/BabyView_Main/00320003/00320003_GX030064_04.22.2024-04.28.2024_04.28.2024-11:46am.zip,No,NA
/BabyView_Main/00320003/00320003_GX010063__2024-04-29-00:59:14.zip,No,NA
/BabyView_Main/00320003/00320003_GX010065__2024-04-29-00:48:43.zip,No,NA
/BabyView_Main/00320003/00320003_GX010064__2024-04-29-00:27:38.zip,No,NA
/BabyView_Main/00320003/00320003_GX020064__2024-04-29-01:31:53.zip,No,NA
/BabyView_Main/00320003/00320003_GX030064__2024-04-29-01:04:08.zip,No,NA
/BabyView_Main/00460001/00460001_GX010013_03.11.2024-03.17.2024_03.16.2024-11:31am.zip,No,NA
/BabyView_Main/00460001/00460001_GX010014_03.11.2024-03.17.2024_03.17.2024-NA.zip,No,NA
/BabyView_Main/00510001/00510001_GX060024__04.21.2024-5:49pm.zip,No,NA
/BabyView_Main/00510001/00510001_GX010026_04.22.2024-04.28.2024_04.27.2024-4:41pm.zip,No,NA
/BabyView_Main/00510001/00510001_GX010025_04.22.2024-04.28.2024_04.24.2024-5:08pm.zip,No,NA
/BabyView_Main/00510001/00510001_GX020026_04.22.2024-04.28.2024_04.27.2024-4:41pm.zip,No,NA
/BabyView_Main/00510001/00510001_GX020025_04.22.2024-04.28.2024_04.24.2024-5:08pm.zip,No,NA
/BabyView_Main/00510001/00510001_GX030026_04.22.2024-04.28.2024_04.27.2024-4:41pm.zip,No,NA
/BabyView_Main/00510001/00510001_GX030025_04.22.2024-04.28.2024_04.24.2024-5:08pm.zip,No,NA
/BabyView_Main/00510001/00510001_GX040026_04.22.2024-04.28.2024_04.27.2024-4:41pm.zip,No,NA
/BabyView_Main/00510001/00510001_GX050026_04.22.2024-04.28.2024_04.27.2024-4:41pm.zip,No,NA
/BabyView_Main/00510001/00510001_GX040025_04.22.2024-04.28.2024_04.24.2024-5:08pm.zip,No,NA
/BabyView_Main/00420001/00420001_GX010025_04.22.2024-04.28.2024_04.22.2024-8:13pm.zip,No,NA
/BabyView_Main/00420001/00420001_GX010026_04.22.2024-04.28.2024_04.22.2024-NA.zip,No,NA
/BabyView_Main/00420001/00420001_GX020026_04.22.2024-04.28.2024_04.22.2024-NA.zip,No,NA
/BabyView_Main/00420001/00420001_GX010027_04.22.2024-04.28.2024_04.23.2024-7:38pm.zip,No,NA
/BabyView_Main/00420001/00420001_GX020027_04.22.2024-04.28.2024_04.23.2024-7:38pm.zip,No,NA
/BabyView_Main/00420001/00420001_GX030027_04.22.2024-04.28.2024_04.23.2024-7:38pm.zip,No,NA
/BabyView_Main/00420001/00420001_GX040027_04.22.2024-04.28.2024_04.23.2024-7:38pm.zip,No,NA
/BabyView_Main/00420001/00420001_GX050027_04.22.2024-04.28.2024_04.23.2024-7:38pm.zip,No,NA
/BabyView_Main/00420001/00420001_GX010029_04.22.2024-04.28.2024_04.23.2024-NA.zip,No,NA
/BabyView_Main/00420001/00420001_GX010032_04.22.2024-04.28.2024_04.24.2024-7:45pm.zip,No,NA
/BabyView_Main/00420001/00420001_GX010033_04.22.2024-04.28.2024_04.24.2024-7:55pm.zip,No,NA
/BabyView_Main/00420001/00420001_GX010034_04.22.2024-04.28.2024_04.26.2024-7:47pm.zip,No,NA
/BabyView_Main/00420001/00420001_GX020034_04.22.2024-04.28.2024_04.26.2024-7:47pm.zip,No,NA
/BabyView_Main/00420001/00420001_GX030034_04.22.2024-04.28.2024_04.26.2024-7:47pm.zip,No,NA
/BabyView_Main/00420001/00420001_GX010035_04.22.2024-04.28.2024_04.27.2024-5:38pm.zip,No,NA
/BabyView_Main/00420001/00420001_GX020035_04.22.2024-04.28.2024_04.27.2024-5:38pm.zip,No,NA
/BabyView_Main/00420001/00420001_GX010030_1_04.22.2024-04.28.2024_04.23.2024-NA.zip,No,NA
/BabyView_Main/00420001/00420001_GX020026__2024-04-30-05:38:30.zip,No,NA
/BabyView_Main/00420001/00420001_GX040027__2024-04-30-16:34:03.zip,No,NA
/BabyView_Main/00420001/00420001_GX050027__2024-04-30-16:38:45.zip,No,NA
/BabyView_Main/00420001/00420001_GX030034__2024-04-30-16:31:11.zip,No,NA
/BabyView_Main/00420001/00420001_GX030036__2024-04-30-16:30:51.zip,No,NA
/BabyView_Main/00420001/00420001_GX010025__2024-04-30-02:46:41.zip,No,NA
/BabyView_Main/00420001/00420001_GX010026__2024-04-30-01:33:52.zip,No,NA
/BabyView_Main/00420001/00420001_GX010027__2024-04-30-01:10:53.zip,No,NA
/BabyView_Main/00420001/00420001_GX020027__2024-04-30-14:15:57.zip,No,NA
/BabyView_Main/00420001/00420001_GX030027__2024-04-30-15:31:48.zip,No,NA
/BabyView_Main/00420001/00420001_GX010029__2024-04-30-02:48:49.zip,No,NA
/BabyView_Main/00420001/00420001_GX010030__2024-04-30-02:50:25.zip,No,NA
/BabyView_Main/00420001/00420001_GX010030__2024-04-30-00:47:52.zip,No,NA
/BabyView_Main/00420001/00420001_GX010032__2024-04-30-03:06:11.zip,No,NA
/BabyView_Main/00420001/00420001_GX010033__2024-04-30-03:30:16.zip,No,NA
/BabyView_Main/00420001/00420001_GX010034__2024-04-30-03:29:11.zip,No,NA
/BabyView_Main/00420001/00420001_GX020034__2024-04-30-05:15:06.zip,No,NA
/BabyView_Main/00420001/00420001_GX010035__2024-04-30-03:53:14.zip,No,NA
/BabyView_Main/00420001/00420001_GX020035__2024-04-30-14:53:47.zip,No,NA
/BabyView_Main/00420001/00420001_GX010036__2024-04-30-04:51:33.zip,No,NA
/BabyView_Main/00420001/00420001_GX020036__2024-04-30-14:39:04.zip,No,NA
/BabyView_Main/00320002/00320002_GX010042_04.22.2024-04.28.2024_04.22.2024-12:07pm.zip,No,NA
/BabyView_Main/00320002/00320002_GX020042_04.22.2024-04.28.2024_04.22.2024-12:07pm.zip,No,NA
/BabyView_Main/00320002/00320002_GX030042_04.22.2024-04.28.2024_04.22.2024-12:07pm.zip,No,NA
/BabyView_Main/00320002/00320002_GX010045_04.22.2024-04.28.2024_04.22.2024-4:35pm.zip,No,NA
/BabyView_Main/00410001/00410001_GX010011__2024-05-02-02:57:22.zip,No,NA
/BabyView_Main/00220001/00220001_GX010024_04.22.2024-04.28.2024_04.24.2024-12:03pm.zip,No,NA
/BabyView_Main/00220001/00220001_GX010025__2024-04-30-19:10:25.zip,No,NA
/BabyView_Main/00220001/00220001_GX010024__2024-04-30-19:10:11.zip,No,NA
/BabyView_Main/00220001/00220001_GX030026__2024-04-30-18:09:24.zip,No,NA
/BabyView_Main/00220001/00220001_GX010026__2024-04-30-16:51:22.zip,No,NA
/BabyView_Main/00220001/00220001_GX020026__2024-04-30-17:38:42.zip,No,NA
/BabyView_Main/00550001/00550001_GX010016__2023-12-08-19:30:26.zip,No,NA
/BabyView_Main/00550001/00550001_GX010023__2023-12-08-18:06:43.zip,No,NA
/BabyView_Main/00550001/00550001_GX010015__2023-12-08-19:21:21.zip,No,NA
/BabyView_Main/00550001/00550001_GX010026__2023-12-08-19:29:52.zip,No,NA
/BabyView_Main/00550001/00550001_GX010025__2023-12-08-19:12:30.zip,No,NA
/BabyView_Main/00550001/00550001_GX010024__2023-12-08-19:03:25.zip,No,NA
/BabyView_Main/00550001/00550001_GX020025__2023-12-08-18:54:55.zip,No,NA
/BabyView_Main/00550001/00550001_GX020026__2023-12-08-18:53:03.zip,No,NA
/BabyView_Main/00550001/00550001_GX020015__2023-12-08-18:45:54.zip,No,NA
/BabyView_Main/00550001/00550001_GX020024__2023-12-08-18:38:37.zip,No,NA
/BabyView_Main/00550001/00550001_GX030026__2023-12-08-18:34:22.zip,No,NA
/BabyView_Main/00550001/00550001_GX040026__2023-12-08-18:28:06.zip,No,NA
/BabyView_Main/00550001/00550001_GX030015__2023-12-08-18:27:17.zip,No,NA
/BabyView_Main/00550001/00550001_GX040015__2023-12-08-18:21:56.zip,No,NA
/BabyView_Main/00550001/00550001_GX010004__2023-12-08-18:06:37.zip,No,NA
/BabyView_Main/00550001/00550001_GX010005__2023-12-08-18:20:48.zip,No,NA
/BabyView_Main/00550001/00550001_GX010006__2023-12-08-18:20:36.zip,No,NA
/BabyView_Main/00550001/00550001_GX010007__2023-12-08-18:19:53.zip,No,NA
/BabyView_Main/00550001/00550001_GX010008__2023-12-08-18:15:04.zip,No,NA
/BabyView_Main/00550001/00550001_GX010009__2023-12-08-18:08:09.zip,No,NA
/BabyView_Main/00550001/00550001_GX010010__2023-12-08-18:07:21.zip,No,NA
/BabyView_Main/00550001/00550001_GX010011__2023-12-08-18:07:09.zip,No,NA
/BabyView_Main/00550001/00550001_GX010012__2023-12-08-18:06:59.zip,No,NA
/BabyView_Main/00550001/00550001_GX010013__2023-12-08-18:06:54.zip,No,NA
/BabyView_Main/00550001/00550001_GX010007_Unknown_-_to_be_sorted_2023-12-04-03:02:36.zip,No,NA
/BabyView_Main/00550001/00550001_GX010008_Unknown_-_to_be_sorted_2023-12-04-03:10:20.zip,No,NA
/BabyView_Main/00550001/00550001_GX010009_Unknown_-_to_be_sorted_2023-12-04-03:53:06.zip,No,NA
/BabyView_Main/00820001/00820001_GX010064_11.27.2023-12.03.2023_11.29.2023-NA.zip,No,NA
/BabyView_Main/00820001/00820001_GX020064_11.27.2023-12.03.2023_11.29.2023-NA.zip,No,NA
/BabyView_Main/00820001/00820001_GX030064_11.27.2023-12.03.2023_11.29.2023-NA.zip,No,NA
/BabyView_Main/00820001/00820001_GX040064_12.04.2023-12.10.2023_12.09.2023-7:50am.zip,No,NA
/BabyView_Main/00820001/00820001_GX010065_12.04.2023-12.10.2023_12.04.2023-5:06pm.zip,No,NA
/BabyView_Main/00820001/00820001_GX020065_12.04.2023-12.10.2023_12.04.2023-5:06pm.zip,No,NA
/BabyView_Main/00820001/00820001_GX030065_12.04.2023-12.10.2023_12.04.2023-5:06pm.zip,No,NA
/BabyView_Main/00820001/00820001_GX010064_12.04.2023-12.10.2023_11.29.2023-NA.zip,No,NA
/BabyView_Main/00820001/00820001_GX020064_12.04.2023-12.10.2023_11.29.2023-NA.zip,No,NA
/BabyView_Main/00820001/00820001_GX030064_12.04.2023-12.10.2023_11.29.2023-NA.zip,No,NA
/BabyView_Main/00820001/00820001_GX010064_12.18.2023-12.24.2023_11.29.2023-NA.zip,No,NA
/BabyView_Main/00820001/00820001_GX020064_12.18.2023-12.24.2023_11.29.2023-NA.zip,No,NA
/BabyView_Main/00820001/00820001_GX030064_12.18.2023-12.24.2023_11.29.2023-NA.zip,No,NA
/BabyView_Main/00820001/00820001_GX040064_12.18.2023-12.24.2023_12.09.2023-7:50am.zip,No,NA
/BabyView_Main/00820001/00820001_GX010065_12.18.2023-12.24.2023_12.04.2023-5:06pm.zip,No,NA
/BabyView_Main/00820001/00820001_GX020065_12.18.2023-12.24.2023_12.04.2023-5:06pm.zip,No,NA
/BabyView_Main/00820001/00820001_GX030065_12.18.2023-12.24.2023_12.04.2023-5:06pm.zip,No,NA
/BabyView_Main/00820001/00820001_GX010064_01.08.2024-01.14.2024_11.29.2023-NA.zip,No,NA
/BabyView_Main/00820001/00820001_GX020064_01.08.2024-01.14.2024_11.29.2023-NA.zip,No,NA
/BabyView_Main/00820001/00820001_GX030064_01.08.2024-01.14.2024_11.29.2023-NA.zip,No,NA
/BabyView_Main/00820001/00820001_GX040064_01.08.2024-01.14.2024_12.09.2023-7:50am.zip,No,NA
/BabyView_Main/00820001/00820001_GX010065_01.08.2024-01.14.2024_12.04.2023-5:06pm.zip,No,NA
/BabyView_Main/00820001/00820001_GX020065_01.08.2024-01.14.2024_12.04.2023-5:06pm.zip,No,NA
/BabyView_Main/00820001/00820001_GX030065_01.08.2024-01.14.2024_12.04.2023-5:06pm.zip,No,NA
/BabyView_Main/00820001/00820001_GX010066_01.08.2024-01.14.2024_01.12.2024-5:16pm.zip,No,NA
/BabyView_Main/00820001/00820001_GX020066_01.08.2024-01.14.2024_01.12.2024-5:16pm.zip,No,NA
/BabyView_Main/00820001/00820001_GX030066_01.08.2024-01.14.2024_01.12.2024-5:16pm.zip,No,NA
/BabyView_Main/00820001/00820001_GX010066_01.15.2024-01.21.2024_01.12.2024-5:16pm.zip,No,NA
/BabyView_Main/00820001/00820001_GX020066_01.15.2024-01.21.2024_01.12.2024-5:16pm.zip,No,NA
/BabyView_Main/00820001/00820001_GX030066_01.15.2024-01.21.2024_01.12.2024-5:16pm.zip,No,NA
/BabyView_Main/00820001/00820001_GX010066_02.05.2024-02.11.2024_01.12.2024-5:16pm.zip,No,NA
/BabyView_Main/00820001/00820001_GX020066_02.05.2024-02.11.2024_01.12.2024-5:16pm.zip,No,NA
/BabyView_Main/00820001/00820001_GX030066_02.05.2024-02.11.2024_01.12.2024-5:16pm.zip,No,NA
/BabyView_Main/00820001/00820001_GX010067_02.05.2024-02.11.2024_NA-NA.zip,No,NA
/BabyView_Main/00820001/00820001_GX020067_02.05.2024-02.11.2024_NA-NA.zip,No,NA
/BabyView_Main/00820001/00820001_GX030067_02.05.2024-02.11.2024_NA-NA.zip,No,NA
/BabyView_Main/00820001/00820001_GX010068_02.05.2024-02.11.2024_2024-02-14-00:27:51.zip,No,NA
/BabyView_Main/00820001/00820001_GX010069_02.19.2024-02.25.2024_02.19.2024-4:33pm.zip,No,NA
/BabyView_Main/00820001/00820001_GX020069_02.19.2024-02.25.2024_02.19.2024-4:33pm.zip,No,NA
/BabyView_Main/00820001/00820001_GX030069_02.19.2024-02.25.2024_02.19.2024-4:33pm.zip,No,NA
/BabyView_Main/00820001/00820001_GX010070_02.19.2024-02.25.2024_02.19.2024-4:33pm.zip,No,NA
/BabyView_Main/00820001/00820001_GX020070_02.19.2024-02.25.2024_02.19.2024-4:33pm.zip,No,NA
/BabyView_Main/00820001/00820001_GX010071_02.19.2024-02.25.2024_02.23.2024-5:32pm.zip,No,NA
/BabyView_Main/00820001/00820001_GX020071_02.19.2024-02.25.2024_02.23.2024-5:32pm.zip,No,NA
/BabyView_Main/00820001/00820001_GX030071_02.19.2024-02.25.2024_02.23.2024-5:32pm.zip,No,NA
/BabyView_Main/00820001/00820001_GX010072_02.26.2024-03.03.2024_03.03.2024-9:42am.zip,No,NA
/BabyView_Main/00820001/00820001_GX020072_02.26.2024-03.03.2024_03.03.2024-9:42am.zip,No,NA
/BabyView_Main/00820001/00820001_GX030072_02.26.2024-03.03.2024_03.03.2024-9:42am.zip,No,NA
/BabyView_Main/00820001/00820001_GX040072_02.26.2024-03.03.2024_03.03.2024-9:42am.zip,No,NA
/BabyView_Main/00820001/00820001_GX010073_02.26.2024-03.03.2024_03.03.2024-9:42am.zip,No,NA
/BabyView_Main/00820001/00820001_GX020073_02.26.2024-03.03.2024_03.03.2024-9:42am.zip,No,NA
/BabyView_Main/00820001/00820001_GX030073_02.26.2024-03.03.2024_03.03.2024-9:42am.zip,No,NA
/BabyView_Main/00820001/00820001_GX010072_03.04.2024-03.10.2024_03.03.2024-9:42am.zip,No,NA
/BabyView_Main/00820001/00820001_GX020072_03.04.2024-03.10.2024_03.03.2024-9:42am.zip,No,NA
/BabyView_Main/00820001/00820001_GX010073_03.04.2024-03.10.2024_03.03.2024-9:42am.zip,No,NA
/BabyView_Main/00820001/00820001_GX020073_03.04.2024-03.10.2024_03.03.2024-9:42am.zip,No,NA
/BabyView_Main/00820001/00820001_GX030073_03.04.2024-03.10.2024_03.03.2024-9:42am.zip,No,NA
/BabyView_Main/00820001/00820001_GX010074_03.04.2024-03.10.2024_03.10.2024-9:19am.zip,No,NA
/BabyView_Main/00820001/00820001_GX020074_03.04.2024-03.10.2024_03.10.2024-9:19am.zip,No,NA
/BabyView_Main/00820001/00820001_GX030074_03.04.2024-03.10.2024_03.10.2024-9:19am.zip,No,NA
/BabyView_Main/00820001/00820001_GX040074_03.04.2024-03.10.2024_03.10.2024-9:19am.zip,No,NA
/BabyView_Main/00820001/00820001_GX010075_03.04.2024-03.10.2024_NA-NA.zip,No,NA
/BabyView_Main/00820001/00820001_GX010076_03.11.2024-03.17.2024_03.14.2024-5:56pm.zip,No,NA
/BabyView_Main/00820001/00820001_GX020076_03.11.2024-03.17.2024_03.14.2024-5:56pm.zip,No,NA
/BabyView_Main/00820001/00820001_GX010076_03.18.2024-03.24.2024_03.14.2024-5:56pm.zip,No,NA
/BabyView_Main/00820001/00820001_GX020076_03.18.2024-03.24.2024_03.14.2024-5:56pm.zip,No,NA
/BabyView_Main/00820001/00820001_GX030076_03.18.2024-03.24.2024_NA-NA.zip,No,NA
/BabyView_Main/00820001/00820001_GX010077_03.18.2024-03.24.2024_03.20.2024-5:04pm.zip,No,NA
/BabyView_Main/00820001/00820001_GX010078_03.18.2024-03.24.2024_03.24.2024-NA.zip,No,NA
/BabyView_Main/00820001/00820001_GX020078_03.18.2024-03.24.2024_03.24.2024-NA.zip,No,NA
/BabyView_Main/00820001/00820001_GX010078_04.08.2024-04.14.2024_03.24.2024-NA.zip,No,NA
/BabyView_Main/00820001/00820001_GX020078_04.08.2024-04.14.2024_03.24.2024-NA.zip,No,NA
/BabyView_Main/00820001/00820001_GX030078_04.08.2024-04.14.2024_NA-NA.zip,No,NA
/BabyView_Main/00820001/00820001_GX010079_04.08.2024-04.14.2024_04.09.2024-NA.zip,No,NA
/BabyView_Main/00820001/00820001_GX020079_04.08.2024-04.14.2024_04.09.2024-NA.zip,No,NA
/BabyView_Main/00820001/00820001_GX030079_04.08.2024-04.14.2024_04.09.2024-NA.zip,No,NA
/BabyView_Main/00820001/00820001_GX010078_04.15.2024-04.21.2024_03.24.2024-NA.zip,No,NA
/BabyView_Main/00820001/00820001_GX020078_04.15.2024-04.21.2024_03.24.2024-NA.zip,No,NA
/BabyView_Main/00820001/00820001_GX030078_04.15.2024-04.21.2024_NA-NA.zip,No,NA
/BabyView_Main/00820001/00820001_GX040078_04.15.2024-04.21.2024_04.21.2024-5:48pm.zip,No,NA
/BabyView_Main/00820001/00820001_GX010079_04.15.2024-04.21.2024_04.09.2024-NA.zip,No,NA
/BabyView_Main/00820001/00820001_GX010080_04.15.2024-04.21.2024_04.21.2024-5:41pm.zip,No,NA
/BabyView_Main/00820001/00820001_GX020080_04.15.2024-04.21.2024_04.21.2024-5:41pm.zip,No,NA
/BabyView_Main/00820001/00820001_GX030080_04.15.2024-04.21.2024_04.21.2024-5:41pm.zip,No,NA
/BabyView_Main/00820001/00820001_GX040080_04.15.2024-04.21.2024_04.21.2024-5:41pm.zip,No,NA
/BabyView_Main/00820001/00820001_GX010081_04.15.2024-04.21.2024_04.21.2024-5:41pm.zip,No,NA
/BabyView_Main/00270001/00270001_GX040035_02.27.2023-03.05.2023_2023-03-04-19:54:50.zip,No,NA
/BabyView_Main/00270001/00270001_GX010036_02.27.2023-03.05.2023_2023-03-04-19:48:00.zip,No,NA
/BabyView_Main/00270001/00270001_GX020036_02.27.2023-03.05.2023_2023-03-04-19:30:21.zip,No,NA
/BabyView_Main/00270001/00270001_GX030036_02.27.2023-03.05.2023_2023-03-04-19:39:11.zip,No,NA
/BabyView_Main/00270001/00270001_GX040036_02.27.2023-03.05.2023_2023-03-04-19:21:43.zip,No,NA
/BabyView_Main/00270001/00270001_GX050036_02.27.2023-03.05.2023_2023-03-04-19:05:10.zip,No,NA
/BabyView_Main/00270001/00270001_GX010037_02.27.2023-03.05.2023_2023-03-04-19:12:52.zip,No,NA
/BabyView_Main/00270001/00270001_GX020037_02.27.2023-03.05.2023_2023-03-04-19:03:57.zip,No,NA
/BabyView_Main/00270001/00270001_GX010038_02.27.2023-03.05.2023_2023-03-14-01:35:26.zip,No,NA
/BabyView_Main/00270001/00270001_GX020038_02.27.2023-03.05.2023_2023-03-14-01:26:31.zip,No,NA
/BabyView_Main/00270001/00270001_GX030038_02.27.2023-03.05.2023_2023-03-14-01:17:36.zip,No,NA
/BabyView_Main/00270001/00270001_GX040038_02.27.2023-03.05.2023_2023-03-14-01:08:35.zip,No,NA
/BabyView_Main/00270001/00270001_GX010039_03.06.2023-03.12.2023_2023-03-14-01:02:56.zip,No,NA
/BabyView_Main/00270001/00270001_GX020039_03.06.2023-03.12.2023_2023-03-14-00:51:39.zip,No,NA
/BabyView_Main/00350001/00350001_GX020019_11.27.2023-12.03.2023_11.27.2023-NA.zip,No,NA
/BabyView_Main/00350001/00350001_GX030019_11.27.2023-12.03.2023_11.27.2023-NA.zip,No,NA
/BabyView_Main/00350001/00350001_GX020021_11.27.2023-12.03.2023_12.03.2023-NA.zip,No,NA
/BabyView_Main/00350001/00350001_GX020022_11.27.2023-12.03.2023_12.03.2023-NA.zip,No,NA
/BabyView_Main/00350001/00350001_GX010023__2023-12-10-20:59:41.zip,No,NA
/BabyView_Main/00400001/00400001_GX010174_04.22.2024-04.28.2024_04.27.2024-11:14am.zip,No,NA
/BabyView_Main/00400001/00400001_GX020174_04.22.2024-04.28.2024_04.27.2024-11:14am.zip,No,NA
/BabyView_Main/00560001/00560001_GX010111_11.27.2023-12.03.2023_11.30.2023-NA.zip,No,NA
/BabyView_Main/00560001/00560001_GX020111_11.27.2023-12.03.2023_11.30.2023-NA.zip,No,NA
/BabyView_Main/00560001/00560001_GX030111_12.04.2023-12.10.2023_12.03.2023-NA.zip,No,NA
/BabyView_Main/00560001/00560001_GX010112_12.04.2023-12.10.2023_12.08.2023-NA.zip,No,NA
/BabyView_Main/00560001/00560001_GX020112_12.04.2023-12.10.2023_12.08.2023-NA.zip,No,NA
/BabyView_Main/00560001/00560001_GX030115_12.11.2023-12.17.2023_12.17.2023-NA.zip,No,NA
/BabyView_Main/00560001/00560001_GX030112_12.11.2023-12.17.2023_12.11.2023-NA.zip,No,NA
/BabyView_Main/00560001/00560001_GX010113_12.11.2023-12.17.2023_12.11.2023-NA.zip,No,NA
/BabyView_Main/00560001/00560001_GX010114_12.11.2023-12.17.2023_12.11.2023-NA.zip,No,NA
/BabyView_Main/00560001/00560001_GX020114_12.11.2023-12.17.2023_12.11.2023-NA.zip,No,NA
/BabyView_Main/00560001/00560001_GX030114_12.11.2023-12.17.2023_12.11.2023-NA.zip,No,NA
/BabyView_Main/00560001/00560001_GX010115_12.11.2023-12.17.2023_12.17.2023-NA.zip,No,NA
/BabyView_Main/00560001/00560001_GX020115_12.11.2023-12.17.2023_12.17.2023-NA.zip,No,NA
/BabyView_Main/00560001/00560001_GX010117_12.18.2023-12.24.2023_12.24.2023-NA.zip,No,NA
/BabyView_Main/00560001/00560001_GX010116_12.18.2023-12.24.2023_12.24.2023-NA.zip,No,NA
/BabyView_Main/00560001/00560001_GX010130_01.01.2024-01.07.2024_01.04.2024-NA.zip,No,NA
/BabyView_Main/00560001/00560001_GX020130_01.01.2024-01.07.2024_01.04.2024-NA.zip,No,NA
/BabyView_Main/00560001/00560001_GX010131_01.01.2024-01.07.2024_01.07.2024-NA.zip,No,NA
/BabyView_Main/00560001/00560001_GX020131_01.01.2024-01.07.2024_01.07.2024-NA.zip,No,NA
/BabyView_Main/00560001/00560001_GX030131_01.01.2024-01.07.2024_2024-01-18-06:39:25.zip,No,NA
/BabyView_Main/00560001/00560001_GX010132_01.01.2024-01.07.2024_2024-01-18-06:44:12.zip,No,NA
/BabyView_Main/00560001/00560001_GX020132_01.01.2024-01.07.2024_2024-01-18-06:48:58.zip,No,NA
/BabyView_Main/00560001/00560001_GX030132_01.15.2024-01.21.2024_01.19.2024-NA.zip,No,NA
/BabyView_Main/00560001/00560001_GX010133_01.15.2024-01.21.2024_01.19.2024-NA.zip,No,NA
/BabyView_Main/00560001/00560001_GX020133_01.15.2024-01.21.2024_01.19.2024-NA.zip,No,NA
/BabyView_Main/00560001/00560001_GX030133_01.22.2024-01.28.2024_01.19.2024-NA.zip,No,NA
/BabyView_Main/00560001/00560001_GX010134_01.22.2024-01.28.2024_01.27.2024-NA.zip,No,NA
/BabyView_Main/00560001/00560001_GX020134_01.22.2024-01.28.2024_01.27.2024-NA.zip,No,NA
/BabyView_Main/00560001/00560001_GX010142_01.29.2024-02.04.2024_02.03.2024-NA.zip,No,NA
/BabyView_Main/00560001/00560001_GX020142_01.29.2024-02.04.2024_02.03.2024-NA.zip,No,NA
/BabyView_Main/00560001/00560001_GX010143_02.12.2024-02.18.2024_02.18.2024-NA.zip,No,NA
/BabyView_Main/00560001/00560001_GX020143_02.12.2024-02.18.2024_02.18.2024-NA.zip,No,NA
/BabyView_Main/00560001/00560001_GX030143_02.26.2024-03.03.2024_03.02.2024-NA.zip,No,NA
/BabyView_Main/00560001/00560001_GX010144_02.26.2024-03.03.2024_03.02.2024-NA.zip,No,NA
/BabyView_Main/00560001/00560001_GX020144_02.26.2024-03.03.2024_03.02.2024-NA.zip,No,NA
/BabyView_Main/00560001/00560001_GX030144_02.26.2024-03.03.2024_03.02.2024-NA.zip,No,NA
/BabyView_Main/00560001/00560001_GX010148_03.25.2024-03.31.2024_03.31.2024-NA.zip,No,NA
/BabyView_Main/00560001/00560001_GX020148_03.25.2024-03.31.2024_03.31.2024-NA.zip,No,NA
/BabyView_Main/00560001/00560001_GX030148_03.25.2024-03.31.2024_03.31.2024-NA.zip,No,NA
/BabyView_Main/00720001/00720001_GX010021_01.22.2024-01.28.2024_01.22.2024-NA.zip,No,NA
/BabyView_Main/00720001/00720001_GX010022_01.22.2024-01.28.2024_01.22.2024-NA.zip,No,NA
/BabyView_Main/00720001/00720001_GX020022_01.22.2024-01.28.2024_01.22.2024-NA.zip,No,NA
/BabyView_Main/00720001/00720001_GX030022_01.22.2024-01.28.2024_2024-01-29-15:13:18.zip,No,NA
/BabyView_Main/00720001/00720001_GX010023_01.22.2024-01.28.2024_01.28.2024-7:48pm.zip,No,NA
/BabyView_Main/00720001/00720001_GX020023_01.22.2024-01.28.2024_NA-NA.zip,No,NA
/BabyView_Main/00720001/00720001_GX030023_01.22.2024-01.28.2024_01.22.2024-NA.zip,No,NA
/BabyView_Main/00720001/00720001_GX040019_10.16.2023-10.22.2023_10.21.2023-NA.zip,No,NA
/BabyView_Main/00720001/00720001_GX010020_10.16.2023-10.22.2023_10.21.2023-6:20pm.zip,No,NA
/BabyView_Main/00720001/00720001_GX020020_10.16.2023-10.22.2023_10.21.2023-6:20pm.zip,No,NA
/BabyView_Main/00720001/00720001_GX010024_01.29.2024-02.04.2024_NA-NA.zip,No,NA
/BabyView_Main/00720001/00720001_GX010025_01.29.2024-02.04.2024_02.03.2024-10:28am.zip,No,NA
/BabyView_Main/00720001/00720001_GX020025_01.29.2024-02.04.2024_02.03.2024-10:28am.zip,No,NA
/BabyView_Main/00720001/00720001_GX030025_01.29.2024-02.04.2024_02.03.2024-10:28am.zip,No,NA
/BabyView_Main/00720001/00720001_GX010026_02.05.2024-02.11.2024_02.06.2024-7:09am.zip,No,NA
/BabyView_Main/00720001/00720001_GX010027_02.05.2024-02.11.2024_02.06.2024-7:14am.zip,No,NA
/BabyView_Main/00720001/00720001_GX020027_02.05.2024-02.11.2024_02.06.2024-7:14am.zip,No,NA
/BabyView_Main/00720001/00720001_GX010028_02.12.2024-02.18.2024_02.17.2024-5:45pm.zip,No,NA
/BabyView_Main/00720001/00720001_GX020028_02.12.2024-02.18.2024_02.17.2024-5:45pm.zip,No,NA
/BabyView_Main/00720001/00720001_GX030028_02.12.2024-02.18.2024_02.17.2024-5:45pm.zip,No,NA
/BabyView_Main/00720001/00720001_GX040028_02.12.2024-02.18.2024_02.17.2024-5:45pm.zip,No,NA
/BabyView_Main/00720001/00720001_GX010030_03.11.2024-03.17.2024_03.16.2024-9:13am.zip,No,NA
/BabyView_Main/00720001/00720001_GX020030_03.11.2024-03.17.2024_03.16.2024-9:13am.zip,No,NA
/BabyView_Main/00720001/00720001_GX030030_03.11.2024-03.17.2024_03.16.2024-9:13am.zip,No,NA
/BabyView_Main/00720001/00720001_GX040030_03.11.2024-03.17.2024_03.16.2024-9:13am.zip,No,NA
/BabyView_Main/00720001/00720001_GX050030_03.11.2024-03.17.2024_03.16.2024-9:13am.zip,No,NA
/BabyView_Main/00720001/00720001_GX060030_03.11.2024-03.17.2024_03.16.2024-9:13am.zip,No,NA
/BabyView_Main/00720001/00720001_GX010029_02.26.2024-03.03.2024_03.03.2024-7:52pm.zip,No,NA
/BabyView_Main/00720001/00720001_GX020029_02.26.2024-03.03.2024_03.03.2024-7:52pm.zip,No,NA
/BabyView_Main/00400002/00400002_GX020060_04.29.2024-05.05.2024_2024-05-05-22:30:47.zip,No,NA
/BabyView_Main/00400002/00400002_GX010057_04.29.2024-05.05.2024_2024-05-05-21:10:03.zip,No,NA
/BabyView_Main/00400002/00400002_GX010061_04.29.2024-05.05.2024_2024-05-05-22:20:19.zip,No,NA
/BabyView_Main/00400002/00400002_GX010060_04.29.2024-05.05.2024_2024-05-05-21:56:39.zip,No,NA
/BabyView_Main/00400002/00400002_GX010058_04.29.2024-05.05.2024_2024-05-05-21:32:52.zip,No,NA
/BabyView_Main/00400002/00400002_GX010059_04.29.2024-05.05.2024_2024-05-05-20:03:12.zip,No,NA
/BabyView_Main/00400002/00400002_GX010056_04.29.2024-05.05.2024_2024-05-05-23:33:18.zip,No,NA
/BabyView_Main/00400002/00400002_GX020056_04.29.2024-05.05.2024_2024-05-05-22:24:05.zip,No,NA
/BabyView_Main/00400002/00400002_GX020061_04.29.2024-05.05.2024_2024-05-05-22:54:12.zip,No,NA
/BabyView_Main/00400002/00400002_GX020045_02.19.2024-02.25.2024_02.12.2024-6:20pm.zip,No,NA
/BabyView_Main/00400002/00400002_GX010056-1_04.22.2024-04.28.2024_04.28.2024-12:24pm.zip,No,NA
/BabyView_Main/00400002/00400002_GX020056-1_04.22.2024-04.28.2024_04.28.2024-12:24pm.zip,No,NA
/BabyView_Main/00400002/00400002_GX010015_12.04.2023-12.10.2023_12.05.2023-NA.zip,No,NA
/BabyView_Main/00400002/00400002_GX020015_12.04.2023-12.10.2023_12.05.2023-NA.zip,No,NA
/BabyView_Main/00400002/00400002_GX030015_12.04.2023-12.10.2023_12.05.2023-NA.zip,No,NA
/BabyView_Main/00400002/00400002_GX010018_12.04.2023-12.10.2023_12.09.2023-NA.zip,No,NA
/BabyView_Main/00400002/00400002_GX010019_12.04.2023-12.10.2023_12.09.2023-10:09am.zip,No,NA
/BabyView_Main/00400002/00400002_GX020019_12.04.2023-12.10.2023_12.09.2023-10:09am.zip,No,NA
/BabyView_Main/00400002/00400002_GX040013_12.04.2023-12.10.2023_12.05.2023-NA.zip,No,NA
/BabyView_Main/00400002/00400002_GX030013_12.04.2023-12.10.2023_12.05.2023-NA.zip,No,NA
/BabyView_Main/00400002/00400002_GX020013_12.04.2023-12.10.2023_12.05.2023-NA.zip,No,NA
/BabyView_Main/00400002/00400002_GX010013_12.04.2023-12.10.2023_12.05.2023-NA.zip,No,NA
/BabyView_Main/00400002/00400002_GX010022_12.11.2023-12.17.2023_12.17.2023-NA.zip,No,NA
/BabyView_Main/00400002/00400002_GX020022_12.11.2023-12.17.2023_12.17.2023-NA.zip,No,NA
/BabyView_Main/00400002/00400002_GX020021_12.11.2023-12.17.2023_12.17.2023-7:47pm.zip,No,NA
/BabyView_Main/00400002/00400002_GX010021_12.11.2023-12.17.2023_12.17.2023-7:47pm.zip,No,NA
/BabyView_Main/00400002/00400002_GX010024_12.18.2023-12.24.2023_12.19.2023-NA.zip,No,NA
/BabyView_Main/00400002/00400002_GX020023_12.18.2023-12.24.2023_12.19.2023-NA.zip,No,NA
/BabyView_Main/00400002/00400002_GX010025_12.18.2023-12.24.2023_12.21.2023-6:22pm.zip,No,NA
/BabyView_Main/00400002/00400002_GX020025_12.18.2023-12.24.2023_12.21.2023-6:22pm.zip,No,NA
/BabyView_Main/00400002/00400002_GX030025_12.18.2023-12.24.2023_12.21.2023-6:22pm.zip,No,NA
/BabyView_Main/00400002/00400002_GX010023-1_12.18.2023-12.24.2023_12.19.2023-NA.zip,No,NA
/BabyView_Main/00400002/00400002_GX010023_12.18.2023-12.24.2023_12.19.2023-NA.zip,No,NA
/BabyView_Main/00400002/00400002_GX010023-2_12.18.2023-12.24.2023_12.20.2023-9:51am.zip,No,NA
/BabyView_Main/00400002/00400002_GX020023-2_12.18.2023-12.24.2023_12.20.2023-9:51am.zip,No,NA
/BabyView_Main/00400002/00400002_GX030023-2_12.18.2023-12.24.2023_12.20.2023-9:51am.zip,No,NA
/BabyView_Main/00400002/00400002_GX010029_12.25.2023-12.31.2023_12.28.2023-NA.zip,No,NA
/BabyView_Main/00400002/00400002_GX020029_12.25.2023-12.31.2023_12.28.2023-NA.zip,No,NA
/BabyView_Main/00400002/00400002_GX030029_12.25.2023-12.31.2023_12.28.2023-NA.zip,No,NA
/BabyView_Main/00400002/00400002_GX040029_12.25.2023-12.31.2023_12.28.2023-NA.zip,No,NA
/BabyView_Main/00400002/00400002_GX010030_12.25.2023-12.31.2023_12.29.2023-7:06am.zip,No,NA
/BabyView_Main/00400002/00400002_GX020030_12.25.2023-12.31.2023_12.29.2023-7:06am.zip,No,NA
/BabyView_Main/00400002/00400002_GX010039_01.29.2024-02.04.2024_02.01.2024-9:57am.zip,No,NA
/BabyView_Main/00400002/00400002_GX020039_01.29.2024-02.04.2024_02.01.2024-9:57am.zip,No,NA
/BabyView_Main/00400002/00400002_GX030039_01.29.2024-02.04.2024_02.01.2024-9:57am.zip,No,NA
/BabyView_Main/00400002/00400002_GX040039_01.29.2024-02.04.2024_02.01.2024-9:57am.zip,No,NA
/BabyView_Main/00400002/00400002_GX010040_01.29.2024-02.04.2024_02.04.2024-8:34am.zip,No,NA
/BabyView_Main/00400002/00400002_GX020040_01.29.2024-02.04.2024_02.04.2024-8:34am.zip,No,NA
/BabyView_Main/00400002/00400002_GX030040_01.29.2024-02.04.2024_02.04.2024-8:34am.zip,No,NA
/BabyView_Main/00400002/00400002_GX040040_01.29.2024-02.04.2024_02.04.2024-8:34am.zip,No,NA
/BabyView_Main/00400002/00400002_GX050040_01.29.2024-02.04.2024_02.04.2024-8:34am.zip,No,NA
/BabyView_Main/00400002/00400002_GX010032_01.15.2024-01.21.2024_01.06.2024-NA.zip,No,NA
/BabyView_Main/00400002/00400002_GX010033_01.15.2024-01.21.2024_01.20.2024-9:01am.zip,No,NA
/BabyView_Main/00400002/00400002_GX020033_01.15.2024-01.21.2024_01.20.2024-9:01am.zip,No,NA
/BabyView_Main/00400002/00400002_GX030033_01.15.2024-01.21.2024_01.20.2024-9:01am.zip,No,NA
/BabyView_Main/00400002/00400002_GX040033_01.15.2024-01.21.2024_01.20.2024-9:01am.zip,No,NA
/BabyView_Main/00400002/00400002_GX010035_01.15.2024-01.21.2024_01.21.2024-8:40am.zip,No,NA
/BabyView_Main/00400002/00400002_GX020035_01.15.2024-01.21.2024_01.21.2024-8:40am.zip,No,NA
/BabyView_Main/00400002/00400002_GX010031_01.08.2024-01.14.2024_01.06.2024-8:22am.zip,No,NA
/BabyView_Main/00400002/00400002_GX010031-1_01.08.2024-01.14.2024_2024-01-20-20:09:10.zip,No,NA
/BabyView_Main/00400002/00400002_GX020031-1_01.08.2024-01.14.2024_2024-01-21-02:11:37.zip,No,NA
/BabyView_Main/00400002/00400002_GX010030_01.01.2024-01.07.2024_12.29.2023-7:06am.zip,No,NA
/BabyView_Main/00400002/00400002_GX020030_01.01.2024-01.07.2024_12.29.2023-7:06am.zip,No,NA
/BabyView_Main/00400002/00400002_GX010031_01.01.2024-01.07.2024_01.06.2024-8:22am.zip,No,NA
/BabyView_Main/00400002/00400002_GX020031_01.01.2024-01.07.2024_01.06.2024-8:22am.zip,No,NA
/BabyView_Main/00400002/00400002_GX040031_01.01.2024-01.07.2024_01.06.2024-8:22am.zip,No,NA
/BabyView_Main/00400002/00400002_GX010032_01.01.2024-01.07.2024_01.06.2024-NA.zip,No,NA
/BabyView_Main/00400002/00400002_GX020032_01.01.2024-01.07.2024_01.06.2024-NA.zip,No,NA
/BabyView_Main/00400002/00400002_GX010038_01.22.2024-01.28.2024_01.27.2024-NA.zip,No,NA
/BabyView_Main/00400002/00400002_GX020038_01.22.2024-01.28.2024_01.27.2024-NA.zip,No,NA
/BabyView_Main/00400002/00400002_GX030038_01.22.2024-01.28.2024_01.27.2024-NA.zip,No,NA
/BabyView_Main/00400002/00400002_GX010042_02.05.2024-02.11.2024_02.11.2024-8:23am.zip,No,NA
/BabyView_Main/00400002/00400002_GX010043_02.05.2024-02.11.2024_02.11.2024-8:23am.zip,No,NA
/BabyView_Main/00400002/00400002_GX020043_02.05.2024-02.11.2024_02.11.2024-8:23am.zip,No,NA
/BabyView_Main/00400002/00400002_GX030043_02.05.2024-02.11.2024_02.11.2024-8:23am.zip,No,NA
/BabyView_Main/00400002/00400002_GX010044_02.05.2024-02.11.2024_02.11.2024-9:05am.zip,No,NA
/BabyView_Main/00400002/00400002_GX020044_02.05.2024-02.11.2024_02.11.2024-9:05am.zip,No,NA
/BabyView_Main/00400002/00400002_GX010043_02.12.2024-02.18.2024_02.11.2024-8:23am.zip,No,NA
/BabyView_Main/00400002/00400002_GX020043_02.12.2024-02.18.2024_02.11.2024-8:23am.zip,No,NA
/BabyView_Main/00400002/00400002_GX020045_02.12.2024-02.18.2024_02.12.2024-6:20pm.zip,No,NA
/BabyView_Main/00400002/00400002_GX010045_02.12.2024-02.18.2024_02.12.2024-6:20pm.zip,No,NA
/BabyView_Main/00400002/00400002_GX010046_02.12.2024-02.18.2024_02.18.2024-8:29am.zip,No,NA
/BabyView_Main/00400002/00400002_GX020046_02.12.2024-02.18.2024_02.18.2024-8:29am.zip,No,NA
/BabyView_Main/00400002/00400002_GX030045_02.19.2024-02.25.2024_02.20.2024-10:36am.zip,No,NA
/BabyView_Main/00400002/00400002_GX010045_02.19.2024-02.25.2024_02.12.2024-6:20pm.zip,No,NA
/BabyView_Main/00400002/00400002_GX040045_02.19.2024-02.25.2024_02.20.2024-10:36am.zip,No,NA
/BabyView_Main/00400002/00400002_GX010046_02.19.2024-02.25.2024_02.18.2024-8:29am.zip,No,NA
/BabyView_Main/00400002/00400002_GX020046_02.19.2024-02.25.2024_02.18.2024-8:29am.zip,No,NA
/BabyView_Main/00400002/00400002_GX030046_02.19.2024-02.25.2024_02.25.2024-11:26am.zip,No,NA
/BabyView_Main/00400002/00400002_GX010045-1_02.19.2024-02.25.2024_02.22.2024-9:29am.zip,No,NA
/BabyView_Main/00400002/00400002_GX040046_02.19.2024-02.25.2024_02.25.2024-11:26am.zip,No,NA
/BabyView_Main/00400002/00400002_GX030047_03.04.2024-03.10.2024_03.01.2024-6:14pm.zip,No,NA
/BabyView_Main/00400002/00400002_GX010048_03.04.2024-03.10.2024_03.10.2024-NA.zip,No,NA
/BabyView_Main/00400002/00400002_GX010046_03.04.2024-03.10.2024_02.18.2024-8:29am.zip,No,NA
/BabyView_Main/00400002/00400002_GX020046_03.04.2024-03.10.2024_02.18.2024-8:29am.zip,No,NA
/BabyView_Main/00400002/00400002_GX020048_03.04.2024-03.10.2024_03.10.2024-NA.zip,No,NA
/BabyView_Main/00400002/00400002_GX010047_03.04.2024-03.10.2024_03.01.2024-6:14pm.zip,No,NA
/BabyView_Main/00400002/00400002_GX030048_03.04.2024-03.10.2024_03.10.2024-NA.zip,No,NA
/BabyView_Main/00400002/00400002_GX040050_04.01.2024-04.07.2024_03.25.2024-11:30am.zip,No,NA
/BabyView_Main/00400002/00400002_GX040052_04.01.2024-04.07.2024_04.01.2024-9:52am.zip,No,NA
/BabyView_Main/00400002/00400002_GX010052_04.01.2024-04.07.2024_04.01.2024-9:52am.zip,No,NA
/BabyView_Main/00400002/00400002_GX010053_04.01.2024-04.07.2024_04.01.2024-5:00pm.zip,No,NA
/BabyView_Main/00400002/00400002_GX010050_04.01.2024-04.07.2024_03.25.2024-11:30am.zip,No,NA
/BabyView_Main/00400002/00400002_GX020052_04.01.2024-04.07.2024_04.01.2024-9:52am.zip,No,NA
/BabyView_Main/00400002/00400002_GX020050_04.01.2024-04.07.2024_03.25.2024-11:30am.zip,No,NA
/BabyView_Main/00400002/00400002_GX020053_04.01.2024-04.07.2024_04.01.2024-5:00pm.zip,No,NA
/BabyView_Main/00400002/00400002_GX030052_04.01.2024-04.07.2024_04.01.2024-9:52am.zip,No,NA
/BabyView_Main/00400002/00400002_GX030050_04.01.2024-04.07.2024_03.25.2024-11:30am.zip,No,NA
/BabyView_Main/00400002/00400002_GX040047_03.18.2024-03.24.2024_03.18.2024-8:57am.zip,No,NA
/BabyView_Main/00400002/00400002_GX010047_03.18.2024-03.24.2024_03.01.2024-6:14pm.zip,No,NA
/BabyView_Main/00400002/00400002_GX010048_03.18.2024-03.24.2024_03.10.2024-NA.zip,No,NA
/BabyView_Main/00400002/00400002_GX020047_03.18.2024-03.24.2024_03.18.2024-8:57am.zip,No,NA
/BabyView_Main/00400002/00400002_GX020048_03.18.2024-03.24.2024_03.10.2024-NA.zip,No,NA
/BabyView_Main/00400002/00400002_GX030048_03.18.2024-03.24.2024_03.10.2024-NA.zip,No,NA
/BabyView_Main/00400002/00400002_GX030047_03.18.2024-03.24.2024_03.01.2024-6:14pm.zip,No,NA
/BabyView_Main/00400002/00400002_GX010047_02.26.2024-03.03.2024_03.01.2024-6:14pm.zip,No,NA
/BabyView_Main/00400002/00400002_GX030047_02.26.2024-03.03.2024_03.01.2024-6:14pm.zip,No,NA
/BabyView_Main/00400002/00400002_GX020047_02.26.2024-03.03.2024_03.18.2024-8:57am.zip,No,NA
/BabyView_Main/00400002/00400002_GX040050_03.25.2024-03.31.2024_03.25.2024-11:30am.zip,No,NA
/BabyView_Main/00400002/00400002_GX040051_03.25.2024-03.31.2024_03.25.2024-5:56pm.zip,No,NA
/BabyView_Main/00400002/00400002_GX020049_03.25.2024-03.31.2024_03.25.2024-NA.zip,No,NA
/BabyView_Main/00400002/00400002_GX010050_03.25.2024-03.31.2024_03.25.2024-11:30am.zip,No,NA
/BabyView_Main/00400002/00400002_GX010051_03.25.2024-03.31.2024_03.25.2024-5:56pm.zip,No,NA
/BabyView_Main/00400002/00400002_GX020050_03.25.2024-03.31.2024_03.25.2024-11:30am.zip,No,NA
/BabyView_Main/00400002/00400002_GX030050_03.25.2024-03.31.2024_03.25.2024-11:30am.zip,No,NA
/BabyView_Main/00400002/00400002_GX030051_03.25.2024-03.31.2024_03.25.2024-5:56pm.zip,No,NA
/BabyView_Main/00400002/00400002_GX010054_04.08.2024-04.14.2024_04.14.2024-NA.zip,No,NA
/BabyView_Main/00400002/00400002_GX010051_04.08.2024-04.14.2024_03.25.2024-5:56pm.zip,No,NA
/BabyView_Main/00400002/00400002_GX020051_04.08.2024-04.14.2024_03.25.2024-5:56pm.zip,No,NA
/BabyView_Main/00400002/00400002_GX030051_04.08.2024-04.14.2024_03.25.2024-5:56pm.zip,No,NA
/BabyView_Main/00400002/00400002_GX010054_04.22.2024-04.28.2024_04.14.2024-NA.zip,No,NA
/BabyView_Main/00400002/00400002_GX010056_04.22.2024-04.28.2024_2024-04-28-17:43:44.zip,No,NA
/BabyView_Main/00400002/00400002_GX020056_04.22.2024-04.28.2024_2024-04-28-18:14:39.zip,No,NA
/BabyView_Main/00400002/00400002_GX030056_04.22.2024-04.28.2024_2024-04-28-18:37:26.zip,No,NA
/BabyView_Main/00400003/00400003_GX010028_12.04.2023-12.10.2023_02.28.2024-5:40pm.zip,No,NA
/BabyView_Main/00400003/00400003_GX010018_01.15.2024-01.21.2024_01.16.2024-7:00am.zip,No,NA
/BabyView_Main/00400003/00400003_GX020034_04.01.2024-04.07.2024_04.03.2024-NA.zip,No,NA
/BabyView_Main/00400003/00400003_GX010046_04.22.2024-04.28.2024_04.25.2024-8:00am.zip,No,NA
/BabyView_Main/00400003/00400003_GX020046_04.22.2024-04.28.2024_04.25.2024-8:00am.zip,No,NA
/BabyView_Main/00400003/00400003_GX030046_04.22.2024-04.28.2024_04.25.2024-8:00am.zip,No,NA
/BabyView_Main/00400003/00400003_GX040046_04.22.2024-04.28.2024_04.25.2024-8:00am.zip,No,NA
/BabyView_Main/00400003/00400003_GX010003_11.27.2023-12.03.2023_11.29.2023-7:00am.zip,No,NA
/BabyView_Main/00400003/00400003_GX020003_11.27.2023-12.03.2023_11.29.2023-7:00am.zip,No,NA
/BabyView_Main/00400003/00400003_GX030003_11.27.2023-12.03.2023_11.29.2023-7:00am.zip,No,NA
/BabyView_Main/00400003/00400003_GX010003-1_11.27.2023-12.03.2023_11.30.2023-5:00pm.zip,No,NA
/BabyView_Main/00400003/00400003_GX020003-1_11.27.2023-12.03.2023_11.30.2023-5:00pm.zip,No,NA
/BabyView_Main/00400003/00400003_GX010003_12.04.2023-12.10.2023_11.29.2023-7:00am.zip,No,NA
/BabyView_Main/00400003/00400003_GX020003_12.04.2023-12.10.2023_11.29.2023-7:00am.zip,No,NA
/BabyView_Main/00400003/00400003_GX030003_12.04.2023-12.10.2023_11.29.2023-7:00am.zip,No,NA
/BabyView_Main/00400003/00400003_GX020028_12.04.2023-12.10.2023_02.28.2024-5:40pm.zip,No,NA
/BabyView_Main/00400003/00400003_GX030028_12.04.2023-12.10.2023_02.28.2024-5:40pm.zip,No,NA
/BabyView_Main/00400003/00400003_GX040028_12.04.2023-12.10.2023_02.28.2024-5:40pm.zip,No,NA
/BabyView_Main/00400003/00400003_GX010029_12.04.2023-12.10.2023_03.04.2024-6:50am.zip,No,NA
/BabyView_Main/00400003/00400003_GX020029_12.04.2023-12.10.2023_03.04.2024-6:50am.zip,No,NA
/BabyView_Main/00400003/00400003_GX030029_12.04.2023-12.10.2023_03.04.2024-6:50am.zip,No,NA
/BabyView_Main/00400003/00400003_GX010005_12.11.2023-12.17.2023_12.13.2023-10:40am.zip,No,NA
/BabyView_Main/00400003/00400003_GX020005_12.11.2023-12.17.2023_12.13.2023-10:40am.zip,No,NA
/BabyView_Main/00400003/00400003_GX030005_12.11.2023-12.17.2023_12.13.2023-10:40am.zip,No,NA
/BabyView_Main/00400003/00400003_GX010006_12.11.2023-12.17.2023_12.15.2023-5:00pm.zip,No,NA
/BabyView_Main/00400003/00400003_GX020006_12.11.2023-12.17.2023_12.15.2023-5:00pm.zip,No,NA
/BabyView_Main/00400003/00400003_GX030006_12.11.2023-12.17.2023_12.15.2023-5:00pm.zip,No,NA
/BabyView_Main/00400003/00400003_GX010007_12.11.2023-12.17.2023_12.17.2023-5:12pm.zip,No,NA
/BabyView_Main/00400003/00400003_GX020007_12.11.2023-12.17.2023_12.17.2023-5:12pm.zip,No,NA
/BabyView_Main/00400003/00400003_GX030007_12.11.2023-12.17.2023_12.17.2023-5:12pm.zip,No,NA
/BabyView_Main/00400003/00400003_GX010008_12.18.2023-12.24.2023_12.23.2023-12:30pm.zip,No,NA
/BabyView_Main/00400003/00400003_GX020008_12.18.2023-12.24.2023_12.23.2023-12:30pm.zip,No,NA
/BabyView_Main/00400003/00400003_GX030008_12.18.2023-12.24.2023_12.23.2023-12:30pm.zip,No,NA
/BabyView_Main/00400003/00400003_GX010009_12.18.2023-12.24.2023_12.23.2023-6:00pm.zip,No,NA
/BabyView_Main/00400003/00400003_GX020009_12.18.2023-12.24.2023_12.23.2023-6:00pm.zip,No,NA
/BabyView_Main/00400003/00400003_GX010010_12.25.2023-12.31.2023_12.27.2023-7:31am.zip,No,NA
/BabyView_Main/00400003/00400003_GX020010_12.25.2023-12.31.2023_12.27.2023-7:31am.zip,No,NA
/BabyView_Main/00400003/00400003_GX010011_12.25.2023-12.31.2023_12.28.2023-2:50pm.zip,No,NA
/BabyView_Main/00400003/00400003_GX010012_12.25.2023-12.31.2023_12.28.2023-3:30pm.zip,No,NA
/BabyView_Main/00400003/00400003_GX020012_12.25.2023-12.31.2023_12.28.2023-3:30pm.zip,No,NA
/BabyView_Main/00400003/00400003_GX010013_01.01.2024-01.07.2024_01.02.2024-8:30am.zip,No,NA
/BabyView_Main/00400003/00400003_GX010015_01.01.2024-01.07.2024_01.03.2024-8:25am.zip,No,NA
/BabyView_Main/00400003/00400003_GX020015_01.01.2024-01.07.2024_01.03.2024-8:25am.zip,No,NA
/BabyView_Main/00400003/00400003_GX010016_01.01.2024-01.07.2024_01.04.2024-8:00am.zip,No,NA
/BabyView_Main/00400003/00400003_GX020016_01.01.2024-01.07.2024_01.04.2024-8:00am.zip,No,NA
/BabyView_Main/00400003/00400003_GX030016_01.01.2024-01.07.2024_01.04.2024-8:00am.zip,No,NA
/BabyView_Main/00400003/00400003_GX010023_01.01.2024-01.07.2024_01.31.2024-5:00pm.zip,No,NA
/BabyView_Main/00400003/00400003_GX020023_01.01.2024-01.07.2024_01.31.2024-5:00pm.zip,No,NA
/BabyView_Main/00400003/00400003_GX030023_01.01.2024-01.07.2024_01.31.2024-5:00pm.zip,No,NA
/BabyView_Main/00400003/00400003_GX010024_01.01.2024-01.07.2024_02.04.2024-11:00am.zip,No,NA
/BabyView_Main/00400003/00400003_GX020024_01.01.2024-01.07.2024_02.04.2024-11:00am.zip,No,NA
/BabyView_Main/00400003/00400003_GX030024_01.01.2024-01.07.2024_02.04.2024-11:00am.zip,No,NA
/BabyView_Main/00400003/00400003_GX030017_01.08.2024-01.14.2024_01.10.2024-NA.zip,No,NA
/BabyView_Main/00400003/00400003_GX020018_01.15.2024-01.21.2024_01.16.2024-7:00am.zip,No,NA
/BabyView_Main/00400003/00400003_GX010020_01.15.2024-01.21.2024_01.20.2024-10:50am.zip,No,NA
/BabyView_Main/00400003/00400003_GX020020_01.15.2024-01.21.2024_01.20.2024-10:50am.zip,No,NA
/BabyView_Main/00400003/00400003_GX030020_01.15.2024-01.21.2024_01.20.2024-10:50am.zip,No,NA
/BabyView_Main/00400003/00400003_GX010021_01.22.2024-01.28.2024_01.24.2024-3:30pm.zip,No,NA
/BabyView_Main/00400003/00400003_GX020021_01.22.2024-01.28.2024_01.24.2024-3:30pm.zip,No,NA
/BabyView_Main/00400003/00400003_GX030021_01.22.2024-01.28.2024_01.24.2024-3:30pm.zip,No,NA
/BabyView_Main/00400003/00400003_GX010022_01.22.2024-01.28.2024_01.26.2024-7:00am.zip,No,NA
/BabyView_Main/00400003/00400003_GX020022_01.22.2024-01.28.2024_01.26.2024-7:00am.zip,No,NA
/BabyView_Main/00400003/00400003_GX030022_01.22.2024-01.28.2024_01.26.2024-7:00am.zip,No,NA
/BabyView_Main/00400003/00400003_GX040022_01.22.2024-01.28.2024_01.26.2024-7:00am.zip,No,NA
/BabyView_Main/00400003/00400003_GX010023_01.29.2024-02.04.2024_01.31.2024-5:00pm.zip,No,NA
/BabyView_Main/00400003/00400003_GX020023_01.29.2024-02.04.2024_01.31.2024-5:00pm.zip,No,NA
/BabyView_Main/00400003/00400003_GX030023_01.29.2024-02.04.2024_01.31.2024-5:00pm.zip,No,NA
/BabyView_Main/00400003/00400003_GX010024_01.29.2024-02.04.2024_02.04.2024-11:00am.zip,No,NA
/BabyView_Main/00400003/00400003_GX020024_01.29.2024-02.04.2024_02.04.2024-11:00am.zip,No,NA
/BabyView_Main/00400003/00400003_GX030024_01.29.2024-02.04.2024_02.04.2024-11:00am.zip,No,NA
/BabyView_Main/00400003/00400003_GX010025_02.05.2024-02.11.2024_02.11.2024-NA.zip,No,NA
/BabyView_Main/00400003/00400003_GX020025_02.05.2024-02.11.2024_02.11.2024-NA.zip,No,NA
/BabyView_Main/00400003/00400003_GX030025_02.05.2024-02.11.2024_02.11.2024-NA.zip,No,NA
/BabyView_Main/00400003/00400003_GX040025_02.05.2024-02.11.2024_02.11.2024-NA.zip,No,NA
/BabyView_Main/00400003/00400003_GX010026_02.19.2024-02.25.2024_02.19.2024-2:00pm.zip,No,NA
/BabyView_Main/00400003/00400003_GX020026_02.19.2024-02.25.2024_02.19.2024-2:00pm.zip,No,NA
/BabyView_Main/00400003/00400003_GX030026_02.19.2024-02.25.2024_02.19.2024-2:00pm.zip,No,NA
/BabyView_Main/00400003/00400003_GX010027_02.19.2024-02.25.2024_02.22.2024-7:00am.zip,No,NA
/BabyView_Main/00400003/00400003_GX020027_02.19.2024-02.25.2024_02.22.2024-7:00am.zip,No,NA
/BabyView_Main/00400003/00400003_GX030027_02.19.2024-02.25.2024_02.22.2024-7:00am.zip,No,NA
/BabyView_Main/00400003/00400003_GX010028_02.26.2024-03.03.2024_02.28.2024-5:40pm.zip,No,NA
/BabyView_Main/00400003/00400003_GX020028_02.26.2024-03.03.2024_02.28.2024-5:40pm.zip,No,NA
/BabyView_Main/00400003/00400003_GX030028_02.26.2024-03.03.2024_02.28.2024-5:40pm.zip,No,NA
/BabyView_Main/00400003/00400003_GX040028_02.26.2024-03.03.2024_02.28.2024-5:40pm.zip,No,NA
/BabyView_Main/00400003/00400003_GX010029_03.04.2024-03.10.2024_03.04.2024-6:50am.zip,No,NA
/BabyView_Main/00400003/00400003_GX020029_03.04.2024-03.10.2024_03.04.2024-6:50am.zip,No,NA
/BabyView_Main/00400003/00400003_GX030029_03.04.2024-03.10.2024_03.04.2024-6:50am.zip,No,NA
/BabyView_Main/00400003/00400003_GX010030_03.04.2024-03.10.2024_03.07.2024-7:00am.zip,No,NA
/BabyView_Main/00400003/00400003_GX020030_03.04.2024-03.10.2024_03.07.2024-7:00am.zip,No,NA
/BabyView_Main/00400003/00400003_GX030030_03.04.2024-03.10.2024_03.07.2024-7:00am.zip,No,NA
/BabyView_Main/00400003/00400003_GX040030_03.04.2024-03.10.2024_03.07.2024-7:00am.zip,No,NA
/BabyView_Main/00400003/00400003_GX010031_03.11.2024-03.17.2024_03.12.2024-5:51pm.zip,No,NA
/BabyView_Main/00400003/00400003_GX020031_03.11.2024-03.17.2024_03.12.2024-5:51pm.zip,No,NA
/BabyView_Main/00400003/00400003_GX030031_03.11.2024-03.17.2024_03.12.2024-5:51pm.zip,No,NA
/BabyView_Main/00400003/00400003_GX010032_03.18.2024-03.24.2024_03.21.2024-7:00am.zip,No,NA
/BabyView_Main/00400003/00400003_GX020032_03.18.2024-03.24.2024_03.21.2024-7:00am.zip,No,NA
/BabyView_Main/00400003/00400003_GX030032_03.18.2024-03.24.2024_03.21.2024-7:00am.zip,No,NA
/BabyView_Main/00400003/00400003_GX010033_03.25.2024-03.31.2024_03.28.2024-7:20am.zip,No,NA
/BabyView_Main/00400003/00400003_GX020033_03.25.2024-03.31.2024_03.28.2024-7:20am.zip,No,NA
/BabyView_Main/00400003/00400003_GX030033_03.25.2024-03.31.2024_03.28.2024-7:20am.zip,No,NA
/BabyView_Main/00400003/00400003_GX040033_03.25.2024-03.31.2024_03.28.2024-7:20am.zip,No,NA
/BabyView_Main/00400003/00400003_GX010034_04.01.2024-04.07.2024_04.03.2024-NA.zip,No,NA
/BabyView_Main/00400003/00400003_GX010037_04.01.2024-04.07.2024_04.05.2024-7:30am.zip,No,NA
/BabyView_Main/00400003/00400003_GX020037_04.01.2024-04.07.2024_04.05.2024-7:30am.zip,No,NA
/BabyView_Main/00400003/00400003_GX030037_04.01.2024-04.07.2024_04.05.2024-7:30am.zip,No,NA
/BabyView_Main/00400003/00400003_GX010042_04.08.2024-04.14.2024_04.12.2024-5:25pm.zip,No,NA
/BabyView_Main/00400003/00400003_GX020042_04.08.2024-04.14.2024_04.12.2024-5:25pm.zip,No,NA
/BabyView_Main/00400003/00400003_GX010043_04.08.2024-04.14.2024_04.13.2024-7:30am.zip,No,NA
/BabyView_Main/00400003/00400003_GX020043_04.08.2024-04.14.2024_04.13.2024-7:30am.zip,No,NA
/BabyView_Main/00400003/00400003_GX030043_04.08.2024-04.14.2024_04.13.2024-7:30am.zip,No,NA
/BabyView_Main/00400003/00400003_GX010045_04.15.2024-04.21.2024_04.20.2024-10:00am.zip,No,NA
/BabyView_Main/00400003/00400003_GX020045_04.15.2024-04.21.2024_04.20.2024-10:00am.zip,No,NA
/BabyView_Main/00400003/00400003_GX030045_04.15.2024-04.21.2024_04.20.2024-10:00am.zip,No,NA
/BabyView_Main/00400003/00400003_GX010046__2024-04-29-04:08:13.zip,No,NA
/BabyView_Main/00400003/00400003_GX020046__2024-04-29-04:44:44.zip,No,NA
/BabyView_Main/00400003/00400003_GX030046__2024-04-29-03:45:17.zip,No,NA
/BabyView_Main/00400003/00400003_GX040046__2024-04-29-04:10:01.zip,No,NA
/BabyView_Main/00430001/00430001_GX010055_11.27.2023-12.03.2023_12.03.2023-NA.zip,No,NA
/BabyView_Main/00430001/00430001_GX020055_11.27.2023-12.03.2023_12.03.2023-NA.zip,No,NA
/BabyView_Main/00430001/00430001_GX030055_11.27.2023-12.03.2023_12.03.2023-NA.zip,No,NA
/BabyView_Main/00430001/00430001_GX040055_11.27.2023-12.03.2023_12.03.2023-NA.zip,No,NA
/BabyView_Main/00430001/00430001_GX010056_12.04.2023-12.10.2023_12.05.2023-NA.zip,No,NA
/BabyView_Main/00430001/00430001_GX020056_12.04.2023-12.10.2023_12.05.2023-NA.zip,No,NA
/BabyView_Main/00430001/00430001_GX030056_12.04.2023-12.10.2023_12.05.2023-NA.zip,No,NA
/BabyView_Main/00430001/00430001_GX010057_12.04.2023-12.10.2023_12.09.2023-NA.zip,No,NA
/BabyView_Main/00430001/00430001_GX020057_12.04.2023-12.10.2023_12.09.2023-NA.zip,No,NA
/BabyView_Main/00430001/00430001_GX030057_12.04.2023-12.10.2023_12.09.2023-NA.zip,No,NA
/BabyView_Main/00430001/00430001_GX040057_12.04.2023-12.10.2023_12.09.2023-NA.zip,No,NA
/BabyView_Main/00430001/00430001_GX010059_12.11.2023-12.17.2023_12.16.2023-NA.zip,No,NA
/BabyView_Main/00430001/00430001_GX020059_12.11.2023-12.17.2023_12.16.2023-NA.zip,No,NA
/BabyView_Main/00430001/00430001_GX030059_12.11.2023-12.17.2023_12.16.2023-NA.zip,No,NA
/BabyView_Main/00430001/00430001_GX040059_12.11.2023-12.17.2023_12.16.2023-NA.zip,No,NA
/BabyView_Main/00430001/00430001_GX010060_12.11.2023-12.17.2023_12.16.2023-NA.zip,No,NA
/BabyView_Main/00430001/00430001_GX020060_12.11.2023-12.17.2023_12.16.2023-NA.zip,No,NA
/BabyView_Main/00430001/00430001_GX030060_12.11.2023-12.17.2023_12.16.2023-NA.zip,No,NA
/BabyView_Main/00430001/00430001_GX040060_12.11.2023-12.17.2023_12.16.2023-NA.zip,No,NA
/BabyView_Main/00430001/00430001_GX010061_12.18.2023-12.24.2023_12.22.2023-5:49pm.zip,No,NA
/BabyView_Main/00430001/00430001_GX020061_12.18.2023-12.24.2023_12.22.2023-5:49pm.zip,No,NA
/BabyView_Main/00430001/00430001_GX030061_12.18.2023-12.24.2023_12.22.2023-5:49pm.zip,No,NA
/BabyView_Main/00430001/00430001_GX040061_12.18.2023-12.24.2023_12.22.2023-5:49pm.zip,No,NA
/BabyView_Main/00430001/00430001_GX010062_01.01.2024-01.07.2024_01.06.2024-6:32pm.zip,No,NA
/BabyView_Main/00430001/00430001_GX020062_01.01.2024-01.07.2024_01.06.2024-6:32pm.zip,No,NA
/BabyView_Main/00430001/00430001_GX030062_01.08.2024-01.14.2024_01.13.2024-NA.zip,No,NA
/BabyView_Main/00430001/00430001_GX010063_01.08.2024-01.14.2024_01.13.2024-NA.zip,No,NA
/BabyView_Main/00430001/00430001_GX020063_01.08.2024-01.14.2024_01.13.2024-NA.zip,No,NA
/BabyView_Main/00430001/00430001_GX030063_01.08.2024-01.14.2024_01.13.2024-NA.zip,No,NA
/BabyView_Main/00430001/00430001_GX010064_01.08.2024-01.14.2024_01.14.2024-NA.zip,No,NA
/BabyView_Main/00430001/00430001_GX020064_01.08.2024-01.14.2024_01.14.2024-NA.zip,No,NA
/BabyView_Main/00430001/00430001_GX010065_01.08.2024-01.14.2024_01.14.2024-NA.zip,No,NA
/BabyView_Main/00430001/00430001_GX020065_01.15.2024-01.21.2024_01.16.2024-NA.zip,No,NA
/BabyView_Main/00430001/00430001_GX010066_01.15.2024-01.21.2024_NA-NA.zip,No,NA
/BabyView_Main/00430001/00430001_GX010067_01.15.2024-01.21.2024_NA-NA.zip,No,NA
/BabyView_Main/00430001/00430001_GX010068_01.15.2024-01.21.2024_01.20.2024-8:29.zip,No,NA
/BabyView_Main/00430001/00430001_GX020068_01.15.2024-01.21.2024_01.20.2024-8:29.zip,No,NA
/BabyView_Main/00430001/00430001_GX030068_01.15.2024-01.21.2024_01.20.2024-8:29.zip,No,NA
/BabyView_Main/00430001/00430001_GX010069_01.22.2024-01.28.2024_01.27.2024-6:15am.zip,No,NA
/BabyView_Main/00430001/00430001_GX010070_01.22.2024-01.28.2024_01.27.2024-NA.zip,No,NA
/BabyView_Main/00430001/00430001_GX010071_01.22.2024-01.28.2024_01.27.2024-NA.zip,No,NA
/BabyView_Main/00430001/00430001_GX020071_01.22.2024-01.28.2024_01.27.2024-NA.zip,No,NA
/BabyView_Main/00430001/00430001_GX030071_01.22.2024-01.28.2024_01.27.2024-NA.zip,No,NA
/BabyView_Main/00430001/00430001_GX010072_01.29.2024-02.04.2024_01.29.2024-NA.zip,No,NA
/BabyView_Main/00430001/00430001_GX020072_02.12.2024-02.18.2024_02.14.2024-NA.zip,No,NA
/BabyView_Main/00430001/00430001_GX010001_02.26.2024-03.03.2024_02.29.2024-7:20am.zip,No,NA
/BabyView_Main/00430001/00430001_GX020001_02.26.2024-03.03.2024_02.29.2024-7:20am.zip,No,NA
/BabyView_Main/00430001/00430001_GX010017_03.18.2024-03.24.2024_07.28.2023-NA.zip,No,NA
/BabyView_Main/00430001/00430001_GX010018_03.25.2024-03.31.2024_07.31.2023-NA.zip,No,NA
/BabyView_Main/00430001/00430001_GX010020_03.25.2024-03.31.2024_08.02.2023-NA.zip,No,NA
/BabyView_Main/00430001/00430001_GX020020_03.25.2024-03.31.2024_08.02.2023-NA.zip,No,NA
/BabyView_Main/00500001/00500001_GX010039_11.27.2023-12.03.2023_11.19.2023-2:35pm.zip,No,NA
/BabyView_Main/00500001/00500001_GX020039_11.27.2023-12.03.2023_11.19.2023-2:35pm.zip,No,NA
/BabyView_Main/00500001/00500001_GX030039_11.27.2023-12.03.2023_11.19.2023-2:35pm.zip,No,NA
/BabyView_Main/00500001/00500001_GX010040_11.27.2023-12.03.2023_11.26.2023-5:46pm.zip,No,NA
/BabyView_Main/00500001/00500001_GX020040_11.27.2023-12.03.2023_11.26.2023-5:46pm.zip,No,NA
/BabyView_Main/00500001/00500001_GX030040_11.27.2023-12.03.2023_11.26.2023-5:46pm.zip,No,NA
/BabyView_Main/00500001/00500001_GX010040_12.04.2023-12.10.2023_11.26.2023-5:46pm.zip,No,NA
/BabyView_Main/00500001/00500001_GX010042_12.04.2023-12.10.2023_12.10.2023-4:33pm.zip,No,NA
/BabyView_Main/00500001/00500001_GX010041_12.04.2023-12.10.2023_12.10.2023-3:59pm.zip,No,NA
/BabyView_Main/00500001/00500001_GX020041_12.04.2023-12.10.2023_12.10.2023-3:59pm.zip,No,NA
/BabyView_Main/00500001/00500001_GX020040_12.04.2023-12.10.2023_11.26.2023-5:46pm.zip,No,NA
/BabyView_Main/00500001/00500001_GX030040_12.04.2023-12.10.2023_11.26.2023-5:46pm.zip,No,NA
/BabyView_Main/00500001/00500001_GX040040_12.04.2023-12.10.2023_12.09.2023-8:07am.zip,No,NA
/BabyView_Main/00500001/00500001_GX050042_12.11.2023-12.17.2023_12.16.2023-11:12am.zip,No,NA
/BabyView_Main/00500001/00500001_GX010042_12.11.2023-12.17.2023_12.10.2023-4:33pm.zip,No,NA
/BabyView_Main/00500001/00500001_GX010043_12.11.2023-12.17.2023_12.17.2023-9:00am.zip,No,NA
/BabyView_Main/00500001/00500001_GX020042_12.11.2023-12.17.2023_12.16.2023-11:12am.zip,No,NA
/BabyView_Main/00500001/00500001_GX020043_12.11.2023-12.17.2023_12.17.2023-9:00am.zip,No,NA
/BabyView_Main/00500001/00500001_GX030042_12.11.2023-12.17.2023_12.16.2023-11:12am.zip,No,NA
/BabyView_Main/00500001/00500001_GX030043_12.11.2023-12.17.2023_12.17.2023-9:00am.zip,No,NA
/BabyView_Main/00500001/00500001_GX040042_12.11.2023-12.17.2023_12.16.2023-11:12am.zip,No,NA
/BabyView_Main/00500001/00500001_GX010042_12.18.2023-12.24.2023_12.10.2023-4:33pm.zip,No,NA
/BabyView_Main/00500001/00500001_GX010043_12.18.2023-12.24.2023_12.17.2023-9:00am.zip,No,NA
/BabyView_Main/00500001/00500001_GX020043_12.18.2023-12.24.2023_12.17.2023-9:00am.zip,No,NA
/BabyView_Main/00500001/00500001_GX030043_12.18.2023-12.24.2023_12.17.2023-9:00am.zip,No,NA
/BabyView_Main/00500001/00500001_GX040043_12.18.2023-12.24.2023_12.21.2023-7:15am.zip,No,NA
/BabyView_Main/00500001/00500001_GX040044_12.25.2023-12.31.2023_12.30.2023-2:30pm.zip,No,NA
/BabyView_Main/00500001/00500001_GX010045_12.25.2023-12.31.2023_12.31.2023-NA.zip,No,NA
/BabyView_Main/00500001/00500001_GX010046_12.25.2023-12.31.2023_12.31.2023-4:52pm.zip,No,NA
/BabyView_Main/00500001/00500001_GX020045_12.25.2023-12.31.2023_12.31.2023-NA.zip,No,NA
/BabyView_Main/00500001/00500001_GX030045_12.25.2023-12.31.2023_12.31.2023-NA.zip,No,NA
/BabyView_Main/00500001/00500001_GX020046_12.25.2023-12.31.2023_12.31.2023-4:52pm.zip,No,NA
/BabyView_Main/00500001/00500001_GX010044_12.25.2023-12.31.2023_12.30.2023-2:30pm.zip,No,NA
/BabyView_Main/00500001/00500001_GX020044_12.25.2023-12.31.2023_12.30.2023-2:30pm.zip,No,NA
/BabyView_Main/00500001/00500001_GX030044_12.25.2023-12.31.2023_12.30.2023-2:30pm.zip,No,NA
/BabyView_Main/00500001/00500001_GX010046_01.01.2024-01.07.2024_12.31.2023-4:52pm.zip,No,NA
/BabyView_Main/00500001/00500001_GX010047_01.01.2024-01.07.2024_01.03.2024-6:27am.zip,No,NA
/BabyView_Main/00500001/00500001_GX020046_01.01.2024-01.07.2024_12.31.2023-4:52pm.zip,No,NA
/BabyView_Main/00500001/00500001_GX020047_01.01.2024-01.07.2024_01.03.2024-6:27am.zip,No,NA
/BabyView_Main/00500001/00500001_GX030046_01.01.2024-01.07.2024_12.31.2023-4:52pm.zip,No,NA
/BabyView_Main/00500001/00500001_GX020049_01.15.2024-01.21.2024_01.21.2024-9:25.zip,No,NA
/BabyView_Main/00500001/00500001_GX010050_01.15.2024-01.21.2024_01.21.2024-NA.zip,No,NA
/BabyView_Main/00500001/00500001_GX010049_01.15.2024-01.21.2024_01.21.2024-9:25am.zip,No,NA
/BabyView_Main/00500001/00500001_GX010002_02.26.2024-03.03.2024_03.02.2024-3:21pm.zip,No,NA
/BabyView_Main/00500001/00500001_GX020002_02.26.2024-03.03.2024_03.02.2024-3:21pm.zip,No,NA
/BabyView_Main/00500001/00500001_GX030002_02.26.2024-03.03.2024_03.02.2024-3:21pm.zip,No,NA
/BabyView_Main/00500001/00500001_GX010003_02.26.2024-03.03.2024_03.03.2024-11:16am.zip,No,NA
/BabyView_Main/00500001/00500001_GX020003_02.26.2024-03.03.2024_03.03.2024-11:16am.zip,No,NA
/BabyView_Main/00500001/00500001_GX030003_02.26.2024-03.03.2024_03.03.2024-11:16am.zip,No,NA
/BabyView_Main/00500001/00500001_GX010006_03.18.2024-03.24.2024_03.23.2024-3:48pm.zip,No,NA
/BabyView_Main/00500001/00500001_GX010004_03.04.2024-03.10.2024_08.13.2023-4:55pm.zip,No,NA
/BabyView_Main/00500001/00500001_GX020004_03.04.2024-03.10.2024_08.13.2023-4:55pm.zip,No,NA
/BabyView_Main/00500001/00500001_GX010009_04.08.2024-04.14.2024_08.18.2023-5:30pm.zip,No,NA
/BabyView_Main/00500001/00500001_GX010010_04.08.2024-04.14.2024_04.14.2024-4:41pm.zip,No,NA
/BabyView_Main/00500001/00500001_GX020008_04.08.2024-04.14.2024_04.14.2024-4:41pm.zip,No,NA
/BabyView_Main/00500001/00500001_GX010008_04.08.2024-04.14.2024_04.14.2024-4:41pm.zip,No,NA
/BabyView_Main/00500001/00500001_GX010008_04.15.2024-04.21.2024_04.14.2024-4:41pm.zip,No,NA
/BabyView_Main/00500001/00500001_GX020008_04.15.2024-04.21.2024_04.14.2024-4:41pm.zip,No,NA
/BabyView_Main/00240001/00240001_GX010025_11.27.2023-12.03.2023_12.02.2023-9:01am.zip,No,NA
/BabyView_Main/00240001/00240001_GX010027_11.27.2023-12.03.2023_12.02.2023-NA.zip,No,NA
/BabyView_Main/00240001/00240001_GX010029_11.27.2023-12.03.2023_12.03.2023-NA.zip,No,NA
/BabyView_Main/00240001/00240001_GX010028_11.27.2023-12.03.2023_12.03.2023-7:37am.zip,No,NA
/BabyView_Main/00240001/00240001_GX020027_11.27.2023-12.03.2023_12.02.2023-NA.zip,No,NA
/BabyView_Main/00240001/00240001_GX020029_11.27.2023-12.03.2023_12.03.2023-NA.zip,No,NA
/BabyView_Main/00240001/00240001_GX030029_11.27.2023-12.03.2023_12.03.2023-NA.zip,No,NA
/BabyView_Main/00240001/00240001_GX010030_12.11.2023-12.17.2023_12.16.2023-7:53AM.zip,No,NA
/BabyView_Main/00240001/00240001_GX020030_12.11.2023-12.17.2023_12.16.2023-7:53AM.zip,No,NA
/BabyView_Main/00240001/00240001_GX010029_12.04.2023-12.10.2023_12.03.2023-NA.zip,No,NA
/BabyView_Main/00240001/00240001_GX020029_12.04.2023-12.10.2023_12.03.2023-NA.zip,No,NA
/BabyView_Main/00240001/00240001_GX030029_12.04.2023-12.10.2023_12.03.2023-NA.zip,No,NA
/BabyView_Main/00240001/00240001_GX040029_12.04.2023-12.10.2023_12.08.2023-NA.zip,No,NA
/BabyView_Main/00240001/00240001_GX010030_12.18.2023-12.24.2023_12.16.2023-7:53AM.zip,No,NA
/BabyView_Main/00240001/00240001_GX020030_12.18.2023-12.24.2023_12.16.2023-7:53AM.zip,No,NA
/BabyView_Main/00240001/00240001_GX010030_12.25.2023-12.31.2023_12.16.2023-7:53AM.zip,No,NA
/BabyView_Main/00240001/00240001_GX020030_12.25.2023-12.31.2023_12.16.2023-7:53AM.zip,No,NA
/BabyView_Main/00240001/00240001_GX030030_12.25.2023-12.31.2023_12.29.2023-7:49am.zip,No,NA
/BabyView_Main/00240001/00240001_GX040030_12.25.2023-12.31.2023_12.29.2023-7:49am.zip,No,NA
/BabyView_Main/00240001/00240001_GX010031_01.01.2024-01.07.2024_01.05.2024-12:09pm.zip,No,NA
/BabyView_Main/00240001/00240001_GX020031_01.01.2024-01.07.2024_01.05.2024-12:09pm.zip,No,NA
/BabyView_Main/00240001/00240001_GX030031_01.01.2024-01.07.2024_01.05.2024-12:09pm.zip,No,NA
/BabyView_Main/00240001/00240001_GX040031_01.01.2024-01.07.2024_01.05.2024-12:09pm.zip,No,NA
/BabyView_Main/00240001/00240001_GX010032_01.08.2024-01.14.2024_01.13.2024-10:25am.zip,No,NA
/BabyView_Main/00240001/00240001_GX030032_01.08.2024-01.14.2024_01.13.2024-10:25am.zip,No,NA
/BabyView_Main/00240001/00240001_GX020032_01.08.2024-01.14.2024_01.13.2024-10:25am.zip,No,NA
/BabyView_Main/00240001/00240001_GX010033_01.15.2024-01.21.2024_01.20.2024-7:56am.zip,No,NA
/BabyView_Main/00240001/00240001_GX020033_01.15.2024-01.21.2024_01.20.2024-7:56am.zip,No,NA
/BabyView_Main/00240001/00240001_GX030033_01.15.2024-01.21.2024_01.20.2024-7:56am.zip,No,NA
/BabyView_Main/00240001/00240001_GX010034_01.22.2024-01.28.2024_01.28.2024-7:48am.zip,No,NA
/BabyView_Main/00240001/00240001_GX020034_01.22.2024-01.28.2024_01.28.2024-7:48am.zip,No,NA
/BabyView_Main/00240001/00240001_GX010034_01.29.2024-02.04.2024_01.28.2024-7:48am.zip,No,NA
/BabyView_Main/00240001/00240001_GX010035_01.29.2024-02.04.2024_02.05.2024-2:57pm.zip,No,NA
/BabyView_Main/00240001/00240001_GX020034_01.29.2024-02.04.2024_01.28.2024-7:48am.zip,No,NA
/BabyView_Main/00240001/00240001_GX030034_01.29.2024-02.04.2024_01.28.2024-2:57pm.zip,No,NA
/BabyView_Main/00240001/00240001_GX040034_01.29.2024-02.04.2024_02.09.2024-9:33am.zip,No,NA
/BabyView_Main/00240001/00240001_GX010035_02.05.2024-02.11.2024_02.05.2024-2:57pm.zip,No,NA
/BabyView_Main/00240001/00240001_GX020035_02.05.2024-02.11.2024_02.07.2024-2:57pm.zip,No,NA
/BabyView_Main/00240001/00240001_GX030035_02.05.2024-02.11.2024_02.11.2024-8:41am.zip,No,NA
/BabyView_Main/00240001/00240001_GX010035_02.12.2024-02.18.2024_02.05.2024-2:57pm.zip,No,NA
/BabyView_Main/00240001/00240001_GX010036_02.12.2024-02.18.2024_02.18.2024-9:12am.zip,No,NA
/BabyView_Main/00240001/00240001_GX020035_02.12.2024-02.18.2024_02.07.2024-2:57pm.zip,No,NA
/BabyView_Main/00240001/00240001_GX010041_03.04.2024-03.10.2024_03.10.2024-9:18am.zip,No,NA
/BabyView_Main/00240001/00240001_GX020041_03.04.2024-03.10.2024_03.10.2024-9:18am.zip,No,NA
/BabyView_Main/00240001/00240001_GX030041_03.04.2024-03.10.2024_03.10.2024-9:18am.zip,No,NA
/BabyView_Main/00240001/00240001_GX030041_03.11.2024-03.17.2024_03.10.2024-9:18am.zip,No,NA
/BabyView_Main/00240001/00240001_GX010041_03.11.2024-03.17.2024_03.10.2024-9:18am.zip,No,NA
/BabyView_Main/00240001/00240001_GX040041_03.11.2024-03.17.2024_03.10.2024-9:18am.zip,No,NA
/BabyView_Main/00240001/00240001_GX020041_03.11.2024-03.17.2024_03.10.2024-9:18am.zip,No,NA
/BabyView_Main/00240001/00240001_GX010041_03.18.2024-03.24.2024_03.10.2024-9:18am.zip,No,NA
/BabyView_Main/00240001/00240001_GX020041_03.18.2024-03.24.2024_03.10.2024-9:18am.zip,No,NA
/BabyView_Main/00240001/00240001_GX030041_03.18.2024-03.24.2024_03.10.2024-9:18am.zip,No,NA
/BabyView_Main/00240001/00240001_GX010042_03.18.2024-03.24.2024_03.24.2024-NA.zip,No,NA
/BabyView_Main/00240001/00240001_GX020042_03.18.2024-03.24.2024_03.24.2024-NA.zip,No,NA
/BabyView_Main/00240001/00240001_GX010043_03.25.2024-03.31.2024_03.31.2024-11:34am.zip,No,NA
/BabyView_Main/00240001/00240001_GX020043_03.25.2024-03.31.2024_03.31.2024-11:34am.zip,No,NA
/BabyView_Main/00240001/00240001_GX010044_03.25.2024-03.31.2024_03.31.2024-2:01pm.zip,No,NA
/BabyView_Main/00240001/00240001_GX010045_04.01.2024-04.07.2024_04.07.2024-6:34pm.zip,No,NA
/BabyView_Main/00240001/00240001_GX020045_04.01.2024-04.07.2024_04.07.2024-6:34pm.zip,No,NA
/BabyView_Main/00240001/00240001_GX030045_04.01.2024-04.07.2024_04.07.2024-6:34pm.zip,No,NA
/BabyView_Main/00240001/00240001_GX010046_04.08.2024-04.14.2024_04.14.2024-11:22am.zip,No,NA
/BabyView_Main/00240001/00240001_GX020046_04.08.2024-04.14.2024_04.14.2024-11:22am.zip,No,NA
/BabyView_Main/00240001/00240001_GX030046_04.08.2024-04.14.2024_04.14.2024-11:22am.zip,No,NA
/BabyView_Main/00240001/00240001_GX010048_04.08.2024-04.14.2024_04.14.2024-1:52pm.zip,No,NA
/BabyView_Main/00240001/00240001_GX020048_04.08.2024-04.14.2024_04.14.2024-1:52pm.zip,No,NA
/BabyView_Main/00240001/00240001_GX030048_04.08.2024-04.14.2024_04.14.2024-1:52pm.zip,No,NA
/BabyView_Main/00240001/00240001_GX010049_04.15.2024-04.21.2024_04.21.2024-4:08pm.zip,No,NA
/BabyView_Main/00240001/00240001_GX020049_04.15.2024-04.21.2024_04.21.2024-4:08pm.zip,No,NA
/BabyView_Main/00240001/00240001_GX030049_04.15.2024-04.21.2024_04.21.2024-4:08pm.zip,No,NA
/BabyView_Main/00240001/00240001_GX010050-04.28.24_04.22.2024-04.28.2024_2024-04-29-04:26:32.zip,No,NA
/BabyView_Main/00240001/00240001_GX010051-04.28.24_04.22.2024-04.28.2024_2024-04-29-04:26:41.zip,No,NA
/BabyView_Main/00240001/00240001_GX010049-04.28.24_04.22.2024-04.28.2024_2024-04-29-04:26:23.zip,No,NA
/BabyView_Main/00240001/00240001_GX020049-04.28.24_04.22.2024-04.28.2024_2024-04-29-04:49:49.zip,No,NA
/BabyView_Main/00240001/00240001_GX030049-04.28.24_04.22.2024-04.28.2024_2024-04-29-05:05:16.zip,No,NA
/BabyView_Main/00320001/00320001_GX010058_04.28.2024-05.05.2024_2024-05-05-13:26:26.zip,No,NA
/BabyView_Main/00320001/00320001_GX020058_04.28.2024-05.05.2024_2024-05-05-13:34:52.zip,No,NA
/BabyView_Main/00320001/00320001_GX030058_04.28.2024-05.05.2024_2024-05-05-13:30:39.zip,No,NA
/BabyView_Main/00320001/00320001_GX040058_04.28.2024-05.05.2024_2024-05-05-13:37:05.zip,No,NA
/BabyView_Main/00320001/00320001_GX010057_04.28.2024-05.05.2024_2024-05-04-13:20:37.zip,No,NA
/BabyView_Main/00320001/00320001_GX020057_04.28.2024-05.05.2024_2024-05-04-13:21:50.zip,No,NA
/BabyView_Main/00320001/00320001_GX030035_02.19.2024-02.25.2024_2024-02-24-16:53:43.zip,No,NA
/BabyView_Main/00320001/00320001_GX010056_04.28.2024-05.05.2024_04.27.2024-10:22am.zip,No,NA
/BabyView_Main/00320001/00320001_GX020056_04.28.2024-05.05.2024_04.27.2024-10:22am.zip,No,NA
/BabyView_Main/00320001/00320001_GX030056_04.28.2024-05.05.2024_04.27.2024-10:22am.zip,No,NA
/BabyView_Main/00320001/00320001_GX010015_12.04.2023-12.10.2023_12.06.2023-5:07pm.zip,No,NA
/BabyView_Main/00320001/00320001_GX020015_12.04.2023-12.10.2023_12.06.2023-5:07pm.zip,No,NA
/BabyView_Main/00320001/00320001_GX010016_12.04.2023-12.10.2023_12.06.2023-5:35pm.zip,No,NA
/BabyView_Main/00320001/00320001_GX020016_12.04.2023-12.10.2023_12.06.2023-5:35pm.zip,No,NA
/BabyView_Main/00320001/00320001_GX030016_12.04.2023-12.10.2023_12.06.2023-5:35pm.zip,No,NA
/BabyView_Main/00320001/00320001_GX010017_12.04.2023-12.10.2023_12.09.2023-4:32pm.zip,No,NA
/BabyView_Main/00320001/00320001_GX010018_12.04.2023-12.10.2023_12.09.2023-4:32pm.zip,No,NA
/BabyView_Main/00320001/00320001_GX010019_12.04.2023-12.10.2023_12.10.2023-12:13pm.zip,No,NA
/BabyView_Main/00320001/00320001_GX020019_12.04.2023-12.10.2023_12.10.2023-12:13pm.zip,No,NA
/BabyView_Main/00320001/00320001_GX030019_12.04.2023-12.10.2023_12.10.2023-12:13pm.zip,No,NA
/BabyView_Main/00320001/00320001_GX010020_12.11.2023-12.17.2023_12.13.2023-12:00pm.zip,No,NA
/BabyView_Main/00320001/00320001_GX020020_12.11.2023-12.17.2023_12.13.2023-12:00pm.zip,No,NA
/BabyView_Main/00320001/00320001_GX030020_12.11.2023-12.17.2023_12.13.2023-12:00pm.zip,No,NA
/BabyView_Main/00320001/00320001_GX010021_12.11.2023-12.17.2023_12.13.2023-1:22pm.zip,No,NA
/BabyView_Main/00320001/00320001_GX020021_12.11.2023-12.17.2023_12.13.2023-1:22pm.zip,No,NA
/BabyView_Main/00320001/00320001_GX030021_12.11.2023-12.17.2023_12.13.2023-1:22pm.zip,No,NA
/BabyView_Main/00320001/00320001_GX010021_12.25.2023-12.31.2023_12.13.2023-1:22pm.zip,No,NA
/BabyView_Main/00320001/00320001_GX020021_12.25.2023-12.31.2023_12.13.2023-1:22pm.zip,No,NA
/BabyView_Main/00320001/00320001_GX030021_12.25.2023-12.31.2023_12.13.2023-1:22pm.zip,No,NA
/BabyView_Main/00320001/00320001_GX010022_01.08.2024-01.14.2024_01.01.2024-4:12pm.zip,No,NA
/BabyView_Main/00320001/00320001_GX020022_01.08.2024-01.14.2024_01.01.2024-4:12pm.zip,No,NA
/BabyView_Main/00320001/00320001_GX030022_01.08.2024-01.14.2024_01.01.2024-4:12pm.zip,No,NA
/BabyView_Main/00320001/00320001_GX010023_01.08.2024-01.14.2024_01.13.2024-2:20pm.zip,No,NA
/BabyView_Main/00320001/00320001_GX020023_01.08.2024-01.14.2024_01.13.2024-2:20pm.zip,No,NA
/BabyView_Main/00320001/00320001_GX030023_01.08.2024-01.14.2024_01.13.2024-2:20pm.zip,No,NA
/BabyView_Main/00320001/00320001_GX010022_01.01.2024-01.07.2024_01.01.2024-4:12pm.zip,No,NA
/BabyView_Main/00320001/00320001_GX020022_01.01.2024-01.07.2024_01.01.2024-4:12pm.zip,No,NA
/BabyView_Main/00320001/00320001_GX030022_01.01.2024-01.07.2024_01.01.2024-4:12pm.zip,No,NA
/BabyView_Main/00320001/00320001_GX010022-1_01.01.2024-01.07.2024_01.02.2024-5:36pm.zip,No,NA
/BabyView_Main/00320001/00320001_GX020022-1_01.01.2024-01.07.2024_01.02.2024-5:36pm.zip,No,NA
/BabyView_Main/00320001/00320001_GX030022-1_01.01.2024-01.07.2024_01.02.2024-5:36pm.zip,No,NA
/BabyView_Main/00320001/00320001_GX040022-1_01.01.2024-01.07.2024_01.02.2024-5:36pm.zip,No,NA
/BabyView_Main/00320001/00320001_GX010025_01.15.2024-01.21.2024_01.16.2024-3:11pm.zip,No,NA
/BabyView_Main/00320001/00320001_GX020025_01.15.2024-01.21.2024_01.16.2024-3:11pm.zip,No,NA
/BabyView_Main/00320001/00320001_GX030025_01.15.2024-01.21.2024_01.16.2024-3:11pm.zip,No,NA
/BabyView_Main/00320001/00320001_GX040025_01.15.2024-01.21.2024_01.16.2024-3:11pm.zip,No,NA
/BabyView_Main/00320001/00320001_GX050025_01.15.2024-01.21.2024_01.16.2024-3:11pm.zip,No,NA
/BabyView_Main/00320001/00320001_GX010025-1_01.15.2024-01.21.2024_01.20.2024-4:00pm.zip,No,NA
/BabyView_Main/00320001/00320001_GX020025-1_01.15.2024-01.21.2024_01.20.2024-4:00pm.zip,No,NA
/BabyView_Main/00320001/00320001_GX030025-1_01.15.2024-01.21.2024_01.20.2024-4:00pm.zip,No,NA
/BabyView_Main/00320001/00320001_GX040025-1_01.15.2024-01.21.2024_2024-01-22-19:32:58.zip,No,NA
/BabyView_Main/00320001/00320001_GX010029_02.05.2024-02.11.2024_02.10.2024-12:18pm.zip,No,NA
/BabyView_Main/00320001/00320001_GX020029_02.05.2024-02.11.2024_02.10.2024-12:18pm.zip,No,NA
/BabyView_Main/00320001/00320001_GX030029_02.05.2024-02.11.2024_02.10.2024-12:18pm.zip,No,NA
/BabyView_Main/00320001/00320001_GX040029_02.05.2024-02.11.2024_02.10.2024-12:18pm.zip,No,NA
/BabyView_Main/00320001/00320001_GX010030_02.05.2024-02.11.2024_02.10.2024-4:08pm.zip,No,NA
/BabyView_Main/00320001/00320001_GX020030_02.05.2024-02.11.2024_02.10.2024-4:08pm.zip,No,NA
/BabyView_Main/00320001/00320001_GX010031_02.05.2024-02.11.2024_02.11.2024-12:59pm.zip,No,NA
/BabyView_Main/00320001/00320001_GX020031_02.05.2024-02.11.2024_02.11.2024-12:59pm.zip,No,NA
/BabyView_Main/00320001/00320001_GX030031_02.05.2024-02.11.2024_02.11.2024-12:59pm.zip,No,NA
/BabyView_Main/00320001/00320001_GX010026_01.29.2024-02.04.2024_01.31.2024-5:33pm.zip,No,NA
/BabyView_Main/00320001/00320001_GX020026_01.29.2024-02.04.2024_01.31.2024-5:33pm.zip,No,NA
/BabyView_Main/00320001/00320001_GX030026_01.29.2024-02.04.2024_01.31.2024-5:33pm.zip,No,NA
/BabyView_Main/00320001/00320001_GX040026_01.29.2024-02.04.2024_01.31.2024-5:33pm.zip,No,NA
/BabyView_Main/00320001/00320001_GX010027_01.29.2024-02.04.2024_02.04.2024-7:32am.zip,No,NA
/BabyView_Main/00320001/00320001_GX010028_01.29.2024-02.04.2024_02.04.2024-7:47am.zip,No,NA
/BabyView_Main/00320001/00320001_GX020028_01.29.2024-02.04.2024_02.04.2024-7:47am.zip,No,NA
/BabyView_Main/00320001/00320001_GX030028_01.29.2024-02.04.2024_02.04.2024-7:47am.zip,No,NA
/BabyView_Main/00320001/00320001_GX040028_01.29.2024-02.04.2024_02.04.2024-7:47am.zip,No,NA
/BabyView_Main/00320001/00320001_GX010032_02.12.2024-02.18.2024_02.13.2024-1:16pm.zip,No,NA
/BabyView_Main/00320001/00320001_GX020032_02.12.2024-02.18.2024_02.13.2024-1:16pm.zip,No,NA
/BabyView_Main/00320001/00320001_GX030032_02.12.2024-02.18.2024_02.13.2024-1:16pm.zip,No,NA
/BabyView_Main/00320001/00320001_GX040032_02.12.2024-02.18.2024_02.13.2024-1:16pm.zip,No,NA
/BabyView_Main/00320001/00320001_GX010033_02.12.2024-02.18.2024_02.17.2024-10:24am.zip,No,NA
/BabyView_Main/00320001/00320001_GX010034_02.12.2024-02.18.2024_02.17.2024-10:38am.zip,No,NA
/BabyView_Main/00320001/00320001_GX020034_02.12.2024-02.18.2024_02.17.2024-10:38am.zip,No,NA
/BabyView_Main/00320001/00320001_GX030034_02.12.2024-02.18.2024_02.17.2024-10:38am.zip,No,NA
/BabyView_Main/00320001/00320001_GX040034_02.12.2024-02.18.2024_02.17.2024-10:38am.zip,No,NA
/BabyView_Main/00320001/00320001_GX010035_02.19.2024-02.25.2024_02.23.2024-5:44pm.zip,No,NA
/BabyView_Main/00320001/00320001_GX020035_02.19.2024-02.25.2024_02.23.2024-5:44pm.zip,No,NA
/BabyView_Main/00320001/00320001_GX010036_02.19.2024-02.25.2024_02.23.2024-6:18pm.zip,No,NA
/BabyView_Main/00320001/00320001_GX020036_02.19.2024-02.25.2024_02.23.2024-6:18pm.zip,No,NA
/BabyView_Main/00320001/00320001_GX030036-1_02.19.2024-02.25.2024_2024-02-24-17:55:29.zip,No,NA
/BabyView_Main/00320001/00320001_GX020036-1_02.19.2024-02.25.2024_02.24.2024-12:18pm.zip,No,NA
/BabyView_Main/00320001/00320001_GX010036-1_02.19.2024-02.25.2024_02.24.2024-12:18pm.zip,No,NA
/BabyView_Main/00320001/00320001_GX010037_02.26.2024-03.03.2024_02.28.2024-6:20pm.zip,No,NA
/BabyView_Main/00320001/00320001_GX020037_02.26.2024-03.03.2024_02.28.2024-6:20pm.zip,No,NA
/BabyView_Main/00320001/00320001_GX030037_02.26.2024-03.03.2024_02.28.2024-6:20pm.zip,No,NA
/BabyView_Main/00320001/00320001_GX010038_02.26.2024-03.03.2024_03.03.2024-6:22pm.zip,No,NA
/BabyView_Main/00320001/00320001_GX020038_02.26.2024-03.03.2024_03.03.2024-6:22pm.zip,No,NA
/BabyView_Main/00320001/00320001_GX010039_02.26.2024-03.03.2024_03.03.2024-7:56pm.zip,No,NA
/BabyView_Main/00320001/00320001_GX020039_02.26.2024-03.03.2024_03.03.2024-7:56pm.zip,No,NA
/BabyView_Main/00320001/00320001_GX030039_02.26.2024-03.03.2024_03.03.2024-7:56pm.zip,No,NA
/BabyView_Main/00320001/00320001_GX010040_03.04.2024-03.10.2024_03.09.2024-8:25am.zip,No,NA
/BabyView_Main/00320001/00320001_GX020040_03.04.2024-03.10.2024_03.09.2024-8:25am.zip,No,NA
/BabyView_Main/00320001/00320001_GX030040_03.04.2024-03.10.2024_03.09.2024-8:25am.zip,No,NA
/BabyView_Main/00320001/00320001_GX040040_03.04.2024-03.10.2024_03.09.2024-8:25am.zip,No,NA
/BabyView_Main/00320001/00320001_GX050040_03.04.2024-03.10.2024_03.09.2024-8:25am.zip,No,NA
/BabyView_Main/00320001/00320001_GX010041_03.04.2024-03.10.2024_03.10.2024-7:37pm.zip,No,NA
/BabyView_Main/00320001/00320001_GX020041_03.04.2024-03.10.2024_03.10.2024-7:37pm.zip,No,NA
/BabyView_Main/00320001/00320001_GX030041_03.04.2024-03.10.2024_03.10.2024-7:37pm.zip,No,NA
/BabyView_Main/00320001/00320001_GX010042_03.11.2024-03.17.2024_03.16.2024-10:52am.zip,No,NA
/BabyView_Main/00320001/00320001_GX020042_03.11.2024-03.17.2024_03.16.2024-10:52am.zip,No,NA
/BabyView_Main/00320001/00320001_GX010043_03.11.2024-03.17.2024_03.16.2024-NA.zip,No,NA
/BabyView_Main/00320001/00320001_GX020043_03.11.2024-03.17.2024_03.16.2024-NA.zip,No,NA
/BabyView_Main/00320001/00320001_GX010044_03.11.2024-03.17.2024_03.17.2024-1:30pm.zip,No,NA
/BabyView_Main/00320001/00320001_GX020044_03.11.2024-03.17.2024_03.17.2024-1:30pm.zip,No,NA
/BabyView_Main/00320001/00320001_GX030044_03.11.2024-03.17.2024_03.17.2024-1:30pm.zip,No,NA
/BabyView_Main/00320001/00320001_GX040044_03.11.2024-03.17.2024_03.17.2024-1:30pm.zip,No,NA
/BabyView_Main/00320001/00320001_GX010045_03.18.2024-03.24.2024_03.20.2024-5:39pm.zip,No,NA
/BabyView_Main/00320001/00320001_GX020045_03.18.2024-03.24.2024_03.20.2024-5:39pm.zip,No,NA
/BabyView_Main/00320001/00320001_GX030045_03.18.2024-03.24.2024_03.20.2024-5:39pm.zip,No,NA
/BabyView_Main/00320001/00320001_GX040045_03.18.2024-03.24.2024_03.20.2024-5:39pm.zip,No,NA
/BabyView_Main/00320001/00320001_GX050045_03.18.2024-03.24.2024_03.20.2024-5:39pm.zip,No,NA
/BabyView_Main/00320001/00320001_GX010046_03.18.2024-03.24.2024_03.23.2024-8:21am.zip,No,NA
/BabyView_Main/00320001/00320001_GX020046_03.18.2024-03.24.2024_03.23.2024-8:21am.zip,No,NA
/BabyView_Main/00320001/00320001_GX030046_03.18.2024-03.24.2024_03.23.2024-8:21am.zip,No,NA
/BabyView_Main/00320001/00320001_GX040046_03.18.2024-03.24.2024_03.23.2024-8:21am.zip,No,NA
/BabyView_Main/00320001/00320001_GX010047_03.25.2024-03.31.2024_03.30.2024-9:49am.zip,No,NA
/BabyView_Main/00320001/00320001_GX020047_03.25.2024-03.31.2024_03.30.2024-9:49am.zip,No,NA
/BabyView_Main/00320001/00320001_GX030047_03.25.2024-03.31.2024_03.30.2024-9:49am.zip,No,NA
/BabyView_Main/00320001/00320001_GX040047_03.25.2024-03.31.2024_03.30.2024-9:49am.zip,No,NA
/BabyView_Main/00320001/00320001_GX050047_03.25.2024-03.31.2024_03.30.2024-9:49am.zip,No,NA
/BabyView_Main/00320001/00320001_GX010047-1_03.25.2024-03.31.2024_03.31.2024-10:27am.zip,No,NA
/BabyView_Main/00320001/00320001_GX020047-1_03.25.2024-03.31.2024_03.31.2024-10:27am.zip,No,NA
/BabyView_Main/00320001/00320001_GX030047-1_03.25.2024-03.31.2024_03.31.2024-10:27am.zip,No,NA
/BabyView_Main/00320001/00320001_GX040047-1_03.25.2024-03.31.2024_03.31.2024-10:27am.zip,No,NA
/BabyView_Main/00320001/00320001_GX010048_04.01.2024-04.07.2024_04.06.2024-11:36am.zip,No,NA
/BabyView_Main/00320001/00320001_GX020048_04.01.2024-04.07.2024_04.06.2024-11:36am.zip,No,NA
/BabyView_Main/00320001/00320001_GX010050_04.01.2024-04.07.2024_04.07.2024-10:09am.zip,No,NA
/BabyView_Main/00320001/00320001_GX020050_04.01.2024-04.07.2024_04.07.2024-10:09am.zip,No,NA
/BabyView_Main/00320001/00320001_GX030050_04.01.2024-04.07.2024_04.07.2024-10:09am.zip,No,NA
/BabyView_Main/00320001/00320001_GX040050_04.01.2024-04.07.2024_04.07.2024-10:09am.zip,No,NA
/BabyView_Main/00320001/00320001_GX050050_04.01.2024-04.07.2024_04.07.2024-10:09am.zip,No,NA
/BabyView_Main/00320001/00320001_GX010051_04.01.2024-04.07.2024_04.07.2024-3:06pm.zip,No,NA
/BabyView_Main/00320001/00320001_GX020051_04.01.2024-04.07.2024_04.07.2024-3:06pm.zip,No,NA
/BabyView_Main/00320001/00320001_GX010052_2_04.08.2024-04.14.2024_04.14.2024-7:10pm.zip,No,NA
/BabyView_Main/00320001/00320001_GX020052_2_04.08.2024-04.14.2024_04.14.2024-7:10pm.zip,No,NA
/BabyView_Main/00320001/00320001_GX030052_2_04.08.2024-04.14.2024_04.14.2024-7:10pm.zip,No,NA
/BabyView_Main/00320001/00320001_GX010052_1_04.08.2024-04.14.2024_04.14.2024-9:47am.zip,No,NA
/BabyView_Main/00320001/00320001_GX020052_1_04.08.2024-04.14.2024_04.14.2024-9:47am.zip,No,NA
/BabyView_Main/00320001/00320001_GX030052_1_04.08.2024-04.14.2024_04.14.2024-9:47am.zip,No,NA
/BabyView_Main/00320001/00320001_GX040052_1_04.08.2024-04.14.2024_04.14.2024-9:47am.zip,No,NA
/BabyView_Main/00320001/00320001_GX050052_1_04.08.2024-04.14.2024_04.14.2024-9:47am.zip,No,NA
/BabyView_Main/00320001/00320001_GX010053_04.15.2024-04.21.2024_04.17.2024-5:05pm.zip,No,NA
/BabyView_Main/00320001/00320001_GX020053_04.15.2024-04.21.2024_04.17.2024-5:05pm.zip,No,NA
/BabyView_Main/00320001/00320001_GX030053_04.15.2024-04.21.2024_04.17.2024-5:05pm.zip,No,NA
/BabyView_Main/00320001/00320001_GX010054_04.15.2024-04.21.2024_04.21.2024-9:24am.zip,No,NA
/BabyView_Main/00320001/00320001_GX020054_04.15.2024-04.21.2024_04.21.2024-9:24am.zip,No,NA
/BabyView_Main/00320001/00320001_GX030054_04.15.2024-04.21.2024_04.21.2024-9:24am.zip,No,NA
/BabyView_Main/00320001/00320001_GX040054_04.15.2024-04.21.2024_04.21.2024-9:24am.zip,No,NA
/BabyView_Main/00320001/00320001_GX050054_04.15.2024-04.21.2024_04.21.2024-9:24am.zip,No,NA
/BabyView_Main/00320001/00320001_GX010054_04.22.2024-04.28.2024_04.21.2024-9:24am.zip,No,NA
/BabyView_Main/00320001/00320001_GX020054_04.22.2024-04.28.2024_04.21.2024-9:24am.zip,No,NA
/BabyView_Main/00320001/00320001_GX030054_04.22.2024-04.28.2024_04.21.2024-9:24am.zip,No,NA
/BabyView_Main/00320001/00320001_GX010055_04.22.2024-04.28.2024_2024-04-27-15:35:11.zip,No,NA
/BabyView_Main/00320001/00320001_GX020055_04.22.2024-04.28.2024_2024-04-27-15:42:00.zip,No,NA
/BabyView_Main/00320001/00320001_GX010056_04.22.2024-04.28.2024_2024-04-27-15:38:15.zip,No,NA
/BabyView_Main/00320001/00320001_GX020056_04.22.2024-04.28.2024_2024-04-27-15:45:06.zip,No,NA
/BabyView_Main/00320001/00320001_GX030056_04.22.2024-04.28.2024_2024-04-27-15:48:07.zip,No,NA
/BabyView_Main/00230001/00230001_GX010008_12.04.2023-12.10.2023_12.10.2023-12:20pm.zip,No,NA
/BabyView_Main/00230001/00230001_GX020008_12.04.2023-12.10.2023_12.10.2023-12:20pm.zip,No,NA
/BabyView_Main/00230001/00230001_GX010008_01.01.2024-01.07.2024_12.10.2023-12:20pm.zip,No,NA
/BabyView_Main/00230001/00230001_GX020008_01.01.2024-01.07.2024_12.10.2023-12:20pm.zip,No,NA
/BabyView_Main/00230001/00230001_GX030008_01.01.2024-01.07.2024_12.10.2023-12:20pm.zip,No,NA
/BabyView_Main/00230001/00230001_GX040008_01.01.2024-01.07.2024_01.01.2024-1:43pm.zip,No,NA
/BabyView_Main/00230001/00230001_GX010009_01.15.2024-01.21.2024_01.20.2024-NA.zip,No,NA
/BabyView_Main/00230001/00230001_GX020009_01.15.2024-01.21.2024_2024-01-22-21:15:05.zip,No,NA
/BabyView_Main/00230001/00230001_GX030009_01.15.2024-01.21.2024_2024-01-22-21:19:35.zip,No,NA
/BabyView_Main/00230001/00230001_GX040009_01.15.2024-01.21.2024_2024-01-22-21:20:03.zip,No,NA
/BabyView_Main/00230001/00230001_GX010010_03.04.2024-03.10.2024_03.04.2024-5:00pm.zip,No,NA
/BabyView_Main/00230001/00230001_GX020010_03.04.2024-03.10.2024_03.04.2024-5:00pm.zip,No,NA
/BabyView_Main/00230001/00230001_GX030010_03.04.2024-03.10.2024_03.04.2024-5:00pm.zip,No,NA
/BabyView_Main/00230001/00230001_GX040010_03.04.2024-03.10.2024_03.04.2024-5:00pm.zip,No,NA
/BabyView_Main/00230001/00230001_GX010011_04.08.2024-04.14.2024_04.14.2024-NA.zip,No,NA
/BabyView_Main/00230001/00230001_GX020011_04.08.2024-04.14.2024_04.14.2024-NA.zip,No,NA
/BabyView_Main/00230001/00230001_GX030011_04.08.2024-04.14.2024_04.14.2024-NA.zip,No,NA
